user,is_retweet,tweet,location,state,state_1,predict_lr,predict_nb,predict_rnn,predict_rf,labels,verify_labels,correct_preds,predict_lr,predict_nb,rnn_and_labels is 1,predict_rf,extra,wo_rf
eafreem,FALSE,i have no institutional power to be clear but i have a lot of anger on behalf of my former coworkers amp myself who were badly mistreated in these corporate structures and i dont think now is the time to shut up about it,she/her,,,1,1,1,0.9333333333,1,0,0,0,0,0,0,1,0
ButtaeflyTear,FALSE,kthivz yeshctrl no way i have the power of borahae and this beastly looking woman on my side https t co fczghusdh,None,,,0,0,1,0,0,0,1,1,1,0,1,0,1
Guillermohno,FALSE,i just think its funny how tyler thecreator never comes to my birthday like i sent the invite with fat britney conedison,San Antonio,TX,,1,1,1,0.7,1,0,0,0,0,0,0,1,0
js100radio,FALSE,online gt gt https t co mixlrwax mea smart life gt gt https t co elqbncqv https t co nmybpecfk,Bangkok,,,0,0,1,0.7967460317,0,0,1,1,1,0,0,0,1
KeysEnergy,FALSE,approximately customers remain without power in the area highlighted in purple in old town crews continue to work the outage,Key West,FL,,1,1,0,0.9666666667,0,0,1,0,0,1,0,0,1
claudecml,FALSE,you guys both bt and bp are ambassadors of samung they are both been chosen simply because both of them have that kind of influence and power there is no need to compare each of their achievements i love them both so much ceasefire everyone focus on your faves,None,,,0,0,1,0,0,0,1,1,1,0,1,0,1
TetsurouKvroo,FALSE,the power went out for a couple of minslt,mun; she/her | rp/crack,,,1,1,1,1,1,1,1,1,1,1,1,1,1
Msgargoyle13,FALSE,walshfreedom nutmom so you are a republican where are the patriots in your party the ones who dare to put the country first what is in this all for them do they have no soul no morals no ethics used to be i just disagreed with your party but now traitors power hungry craven soul less,Colorado,USA,,1,1,0,0.9666666667,0,0,1,0,0,1,0,0,1
NESpower,FALSE,almightyjay hi there sorry for the inconvenience we experienced an outage in the area impacting about customers power has been restored to the area,Nashville,TN,,1,1,0,0.9666666667,0,1,0,1,1,0,0,0,0
themostrights,FALSE,anyway power just went out n im home alone im gonna go cry because i feel like im gonna die goodnight,she/her bi blm!,,,1,1,0,0.9,0,1,0,1,1,0,0,0,0
JKlein504,FALSE,carrie_helen i hear ya im so tired no telling when well have power in ragley,Louisiana,,,1,1,0,1,0,1,0,1,1,0,1,0,0
httpsrnark,FALSE,power interruption plus water outage wow,HUMSS | 16,,,1,1,0,1,0,1,0,1,1,0,1,0,0
hellsmorning,FALSE,me to my parents just imagine the power just went out we have no light but then boom i slap my arm and light appears long story short light glyph tattoo my sister whos watching the show but doesnt the paper with the glyph on it get crumpled up me shutup,wlw‚Ä¢They/them ‚ò†Ô∏è minor,,,1,1,1,0.9666666667,1,0,0,0,0,0,0,1,0
PulbuRonn,FALSE,while i acknowledge the power of indoctrination to minds of youth i have no sympathies towards youth who joined the npa and got killed they are at the age of emancipation or nearing it hence they are expected to at least have some common sense i pity their parents though,None,,,1,1,1,0.9,1,0,0,0,0,0,0,1,0
thefakehelena,FALSE,nicespurling alicederanged tkamdamnham unwitod ballwwf redfrode tryinggardener slyflox emilydickems iduncertain carolt a_la_michelle halford_rosie christophelston pattisonoutdoor im really struggling here do you actually believe you can outfox me by constantly shifting the point like this once again i have no interest in the validity or not of statements im interested in people declaring other humans valid as if they have the power to do that,Manchester,England,,0,0,0,0,0,0,1,1,1,1,1,0,1
NightmareWaffle,FALSE,dragonage videogamedeals i got so close to beating that game then the power went out while i was saving and my file was corrupted so i rage quit never was able to finish it after that,Bumblefuck,Pennsylvania,,1,1,1,1,1,1,1,1,1,1,1,1,1
archvillainfilm,FALSE,vexedinthecity andrewcmcgowan and no i have no idea how to fix it but an educational system designed to educate should at a very minimum inculcate the value of skepticism toward information produced by those who wield power,None,,,1,1,0,0.9,0,0,1,0,0,1,0,0,1
chrollogfs,FALSE,the power fucking went out,she/her || cw: naruto,,,1,1,1,1,1,1,1,1,1,1,1,1,1
themostrights,FALSE,my power just went out and im alone at my cottage on the middle of the lake so no ones nearby also no ones answering the phone so hahahaha gonna cry goodnight,she/her bi blm!,,,1,1,1,0.9333333333,1,1,1,1,1,1,0,1,1
TheParaFlyer,FALSE,the among us stream is in an hour and a half and the power in my house just went out,Kingdom of Arendelle,,,1,1,1,1,1,1,1,1,1,1,1,1,1
NickofEarl,FALSE,jeffreyasachs phl if this were the case i think itd show up in az and yet weve had no issues electing women at any level of power for decades i actually think conservatives have kind of a psychological comfort thing with conservative women leaders,SW U.S.,,,1,1,1,0.9333333333,1,0,0,0,0,0,0,1,0
JeffB093,FALSE,pinwheelempire i think hed do everything in his power to bring us a championship even if he fails miserably no doesnt seem to have that same motivation wants to stay relevant enough to give fans false hope and continue selling tickets without even trying to bring in another star,Washington,USA,,1,1,0,0.9,0,0,1,0,0,1,0,0,1
CordiKid_Twitch,FALSE,we lost a member to a power outage so well be returning to the boss tomorrow thank you all so much for the new follows and subs uwu,None,,,1,1,1,1,1,1,1,1,1,1,1,1,1
SamuelEdmundJo1,FALSE,nakufoaddo dear my presidoo amp daddy i would be very glad if you can finance me to manufacture vehicles in ghana and generate electricity from the sea to power the whole ghana i have no helper im at dansoman my offline whatsapp number is i want to book meeting you,None,,,1,1,1,1,1,0,0,0,0,0,0,1,0
tori_kae1,FALSE,this was minutes before the power went out goofy ass personality https t co fyflspykh,California,USA,,1,1,1,1,1,1,1,1,1,1,1,1,1
coastlxng,FALSE,power just went out suddenly thanks fires,she/they,,,1,1,0,0.999912396,0,1,0,1,1,0,0,0,0
mefoogang,FALSE,notpandda my power went out with hour left games left and points,???,,,0,0,1,0,0,1,0,0,0,1,0,0,0
Loiz__Lane,FALSE,the power in my living went out and wont come back on,PA,,,1,1,1,1,1,1,1,1,1,1,1,1,1
Girlandi2,FALSE,one month after our home was destroyed in the ia derecho i have a rental electricity heat ac still questionable cell reception data and no wifi the electricity is still a patch job so every time it gets windy parts of town lose power for a bit but after,Cedar Rapids,IA,,0,1,0,0,0,0,1,1,0,1,1,0,1
csypepe,FALSE,my power just went out,she/her 16,,,1,1,1,0.9962560508,1,1,1,1,1,1,0,1,1
roboeamerican,FALSE,gt progressives thedemocrats liberals governing on full display in bluestates and cities riots firestorms no forest maintenance greennewdeal tried in california poweroutage seen enough had enough trumpnowmorethanever maga kaga potus godblessamerica,California,,,0,0,1,0.8666666667,0,0,1,1,1,0,0,0,1
Rampa19,FALSE,power outage vegasborn,Las Vegas,,,1,1,0,1,0,1,0,1,1,0,1,0,0
ApagonesLab,FALSE,este fin de semana parece que tampoco hoy situation report update del doe de los datos de power outage us https t co lfvntdyqom sept clientes sin servicio en luisiana https t co cpealqhbbs,None,,,0,0,0,0.9,0,0,1,1,1,1,0,0,1
lukelucas,FALSE,power outage fun times snippetclips https t co vskxagpkp,Montgomery,AL,,1,1,0,0.9666666667,0,0,1,0,0,1,0,0,1
marou_ps,FALSE,meralco whats the reason for the sudden power outage in north fairview quezon city thank you,philippines,,,1,1,0,1,0,1,0,1,1,0,1,0,0
Michael06740108,FALSE,williamshatner we all get triggered every time i see a sunrise huge trigger or a hot woman meh the way its generally used un the sjw community it means i have no words to use and that person just took all my power from me the best trigger learning trytokeepup,None,,,0,0,1,0,0,0,1,1,1,0,1,0,1
shvdesofanaly,FALSE,home alone with a power outage and my brothers ditching me to go continue playing video games at his best friends,None,,,1,1,0,1,0,1,0,1,1,0,1,0,0
Daphaneeeee,FALSE,one of the things that took me the longest to learn is that i can never heal if i seek my own inner peace from people because the only one that will be able to give me that or have the rights to take it from me is myself and no one should be given so much power to disrupt that,None,,,1,1,0,1,0,0,1,0,0,1,0,0,1
GolfisHard18,FALSE,davidhaugh im sorry u have given into the fear that has been pandered to u because of a struggle in political power but go ahead and do u theres no reason anyone under cant do sports safely its a shame the world has sucked the fun out of this for you dont ruin it for others,Chicago,,,1,1,1,0.9333333333,1,0,0,0,0,0,0,1,0
NublarsPrincess,FALSE,kinofblue i do have plans where you and charlie will rule together with your own mates its a small island but remember upon this world we are all mortal no one is perfect and the power we wield as rulers must be used wisely,Earth/Isla Matenceros/Nublar,,,1,0,1,1,0,0,1,0,1,0,0,0,1
AnimeLoverBaka,FALSE,i might not have the power to fight now but i will protect my friends no matter what mirajane fairy tail,Anime World,,,1,1,1,1,1,1,1,1,1,1,1,1,1
GHOSTLYCRAWF,FALSE,its the way my power went out but only knocked out my fan and ps for me,SHE/HER ‚Ä¢ FL,,,1,1,1,0.9666666667,1,1,1,1,1,1,0,1,1
Sheeerak,FALSE,susuturik yes but in retaliation at no point i have denied what armos did the armos in the russian army did commit war crimes in kars etc in in retalition these are the same people whos families were butchered by turks but at the end ottomans were the occupying power,Los Angeles,CA,,0,0,1,0,0,0,1,1,1,0,1,0,1
NightHawk_Nyx,FALSE,bruh theres still scammers in power level stonewood i aint that dumb certainly because i got mostly everything i wanted in stw i earn my shit next thing i knew after i saw the kid from loading in the game my game was that my internet went out coincidence or tampered,ùôÑùô£ùô®ùô©ùôñùôúùôßùôñùô¢:,,,0,1,1,0,0,0,1,1,0,0,1,0,1
EllenLouNoble,FALSE,drtarasanderson my power went out for days and i was alone with my dogs we camped in our house,Cedar Rapids,IA,,1,1,1,1,1,1,1,1,1,1,1,1,1
Yvonne81331203,FALSE,nenagill dpann paddydubpatrick petrajay immabos silenced bubulaboo yetieye butijustwanna butterskatz eriemom dema mdomino lilredridinhood katieredvoteblu kerri_lee_h missin_florida oddworld hondoresists dpann amen no one i have ever heard in a position of power has bullied amp preached hate more than mr tdump,None,,,1,1,1,1,1,0,0,0,0,0,0,1,0
NightHawk_Nyx,FALSE,bruh theres still scammers in power level stonewood i aint that dumb certainly because i got mostly everything i wanted in stw i earn my shit next thing i knew after i saw the kid from loading in the game my internet went out coincidence or tampered with,ùôÑùô£ùô®ùô©ùôñùôúùôßùôñùô¢:,,,0,0,1,0,0,0,1,1,1,0,1,0,1
malott_austin,FALSE,backyardjulz they should be doing everything in their power to get giannis i doubt they could afford him as i have no idea how nba salary caps work,None,,,1,1,0,1,0,0,1,0,0,1,0,0,1
csypepe,FALSE,power went out again,she/her 16,,,1,1,1,0.9825604876,1,1,1,1,1,1,0,1,1
MarieON93755057,FALSE,angrierwhstaff its horrible im in the thick of it in california we were recently allowed back in but theres still no power which means no water or phone cable or any means of communication i always feel like i have to cough,Western US,,,0,0,0,0,0,1,0,0,0,0,0,0,0
tmillz___,FALSE,damn i have no way to watch power,None,,,1,1,1,1,1,0,0,0,0,0,0,1,0
marshmallowpex,FALSE,the power for my entire neighborhood went out,Tennessee?,,,1,1,1,1,1,1,1,1,1,1,1,1,1
lukelucas,FALSE,power outage fun times snipperclips https t co jeithaon,Montgomery,AL,,1,1,0,0.9666666667,0,1,0,1,1,0,0,0,0
blueoystercat,FALSE,shaniaxm went to mcdonalds today and all the sprite was sold out because of everyone getting the travis scott order the power,United States,,,1,1,1,1,1,0,0,0,0,0,0,1,0
campbell_austen,FALSE,awesome my power went out,None,,,1,1,1,0.9982275982,1,1,1,1,1,1,0,1,1
xoBondaixo,FALSE,ummm power went out hang on,The Beautiful Planet Earth,,,1,1,1,1,1,1,1,1,1,1,1,1,1
bigtiddiejimin,FALSE,my super power is i have no self control ever all i do is just think speak sleep it all is just no filter i say shit i dont even stop no time to breath just me and my voice,she/her,,,1,1,1,0.9666666667,1,0,0,0,0,0,0,1,0
jaykowski,FALSE,so the power went out not only in my block but all the other ones around me amp my phone is at like percent battery,Los Angeles,CA,,0,1,1,0,0,1,0,0,1,1,0,0,0
flashingherron1,FALSE,its the minute power outage for me,None,,,1,1,1,1,1,1,1,1,1,1,1,1,1
__RLJ,FALSE,power went out after i left and they fixed it before i got back lmao this why i love going to work,Florida,USA,,1,1,0,1,0,1,0,1,1,0,1,0,0
OverwatchVriska,FALSE,power went out during the raid we have checkpoint until the weekly reset on tuesday and were planning on going at it again tomorrow hit the hour mark on stream without a doubt the longest ive ever done tomorrows stream will be hopefully significantly shorter,Icon By @vintagefoods_,,,1,1,0,1,0,1,0,1,1,0,1,0,0
22MissK,FALSE,i wont be online today my batt is at and theres no electricity today i didnt know about the temp power outage and its so hot today help,You.Don't.Need.To.Know,,,1,1,1,1,1,1,1,1,1,1,1,1,1
royalmisfitss,FALSE,im sad i want to watch falsettos with valen stans but the power went out as always,she/they ‚Ä¢ 17 ‚Ä¢ blm,,,1,1,0,1,0,1,0,1,1,0,1,0,0
nottenoch,FALSE,i plugged in my phone charger and then the fucking power to the entire block went out,None,,,1,1,1,1,1,1,1,1,1,1,1,1,1
EK14MeV,FALSE,jakebrodes swmcintosh call the fire department if theres a power outage trapped in that chair,USA,,,1,1,0,1,0,0,1,0,0,1,0,0,1
ViviannL10,FALSE,spygatedown pissers we have power outage in our area,California,USA,,1,1,0,0.9,0,1,0,1,1,0,0,0,0
MJMDOE,FALSE,gothamteacher uft uftunity morecaucusuft i appreciate your insights to be clear i have no positional power just a loud mouth and hope i doubt a nonunified teaching force will effect major change regarding this role but maybe something can be fine tuned thanks again,Manhattan,NY,,1,1,0,0.8666666667,0,0,1,0,0,1,0,0,1
Webcams12,FALSE,show abort but finished chaturbate xobondaixo september et after power went out for room and called in our night resume show postponed thank you for show and see you monday on september et goodnight now and take offline tomorrow,None,,,1,1,1,0.9333333333,1,1,1,1,1,1,0,1,1
sordstone,FALSE,judicialwatch tomfitton loudobbs realdonaldtrump sounds so ominous but nothing no one held accountable all bullshit we have no law anymore judges without power who say no you cant do that because i say so bullshit,North Carolina,,,0,0,0,0,0,0,1,1,1,1,1,0,1
Florence_FED,FALSE,outage alert saturday september pm florence electricity department crews are responding to multiple power outages affecting the east portion of lauderdale county we appreciate your patience as crews will work to restore power as quickly and as safely as possible https t co xhremnc,Florence,Alabama,,1,1,0,0.9333333333,0,1,0,1,1,0,0,0,0
davidwright1,FALSE,lukemac scientificecon i agree richard sadly never let a good crisis go to waste does seem to apply at the very least the power or wealth of the following have all increased govt corporations wall st banks media perhaps multi billionaires last but by no means least central banks,Wirral,,,0,0,1,0,0,0,1,1,1,0,1,0,1
abbythere4you,FALSE,magrereport sana ko ng power outage kaso kakaloka meralco ilan daw houses affected magbabahaybahay ba ako,i'm a blur...,,,1,1,0,1,0,1,0,1,1,0,1,0,0
FrankaYou,FALSE,meteoritelovesu she would laugh quietly heh i guess it is if there a higher power then they certainly have a twisted sense of humor yes discrimination is a terrible thing being hated and hunted over something you have no control over franka just shook her head at the thought,None,,,0,0,1,0,0,0,1,1,1,0,1,0,1
rananth,FALSE,sunday humour this a very very cute one should children witness childbirth heres your answer due to a power outage only one paramedic responded to the call the house was very dark so the paramedic asked kathleen the year old girl at home contd,None,,,0,0,0,0,0,0,1,1,1,1,1,0,1
LizzaaayLowe,FALSE,blake is one month old i survived the biggest hurricane louisiana has seen in years amp ive spent of my life dealing with a huge power outage basically its been a rough life so far https t co rsrxqtcfkc,Alexandria,LA,,1,1,0,0.9666666667,0,1,0,1,1,0,0,0,0
COMBOCORY,FALSE,not to mention my isp said theres a service outage for hours but none of that matters because the fucking power company is trash,None,,,1,1,0,1,0,0,1,0,0,1,0,0,1
2Bigdogs2CatsB1,FALSE,deevp zekejmiller lookner true pgamp e power was off for safety reasons not everyone has a generator and most have pgamp e powered water wells many people go to sleep earlier when its dark and there is no power i was outside and could barely hear the get out fire is coming berry creek was left to burn,None,,,0,0,0,0,0,1,0,0,0,0,0,0,0
Erickaswilliams,FALSE,one month later parts of iowa are still on the mend from the derecho https t co pqjqvhuwvv via dmregister,austin tx,,,0,1,1,0.3,0,0,1,1,0,0,0,0,1
FriendHateTheE1,FALSE,paulwasher where am i on your own accord come to me no matter how far i roamed onewalleee paulwasher father have mercy im no longer on the outside looking in power error darkness ill corrupt his power,None,,,1,1,1,1,1,0,0,0,0,0,0,1,0
KrisPBailey,FALSE,racists anarchist amp all other evil have no power over the joy of my salvation covid smoke elections whatever the best part of is i am confident the real church and my secured faith is surviving anything this world may bring hope in christ and glory to god,Federal Way,WA,,1,1,1,0.9666666667,1,0,0,0,0,0,0,1,0
whyPhiIia,FALSE,power just went out fucking awesome,None,,,1,1,1,1,1,1,1,1,1,1,1,1,1
WasabiRyo,FALSE,hhn wendigutz welp i was gonna check this out longer but my power went kaput and my phone is dying was it in long enough to see steve cream become a thing have fun,Jacksonville,FL,,1,1,1,1,1,1,1,1,1,1,1,1,1
dmepower,FALSE,all power has been restored please call if you are still experiencing an outage,Denton,Texas,,1,1,1,0.8333333333,1,1,1,1,1,1,0,1,1
meli_bishh,FALSE,i was taking some cute selfies then the power went out rude asf,None,,,1,1,1,1,1,1,1,1,1,1,1,1,1
Fishface72,FALSE,nornenland governments have lost control i can order anything legal or illegal online and the post man will bring it to my door facebook has power and influence of a medium sized nation and pays no tax they have no clue what to do with covid or abrupt climate heating data is dollars,Liverpool,England,,0,0,1,0,0,0,1,1,1,0,1,0,1
aussie000050,FALSE,bdeac completely agree the more that i read into it it was abuse not just of power but physical abuse when there was absolutely no reason for it and she didnt have to even give her name it was her right,None,,,1,1,0,1,0,0,1,0,0,1,0,0,1
88honeypots,FALSE,power went out and its hot as hell im gonna d word,None,,,1,1,1,1,1,1,1,1,1,1,1,1,1
DissentientOne,FALSE,hayesbrown of course my point is that the senate doesnt have anything to do with that since senators are directly elected all the senate does is overrepresent the citizens of sparsely populated states in the fed govt i know of no evidence that senators tend to protect state power,None,,,0,0,1,0,0,0,1,1,1,0,1,0,1
DeeYegGoo,FALSE,how do people ghost others so easily i dont even have the power to like no one ever hmu,uglyville,,,1,1,1,1,1,0,0,0,0,0,0,1,0
Tracie93315429,FALSE,bb_updates cbsbigbrother jokersbbupdates yeah he went low you go https t co wvshqrnrq drama use your power and vote him out blackgirlmagicbb bb,None,,,1,0,0,0.9,0,0,1,0,1,1,0,0,1
erykahdanielle,FALSE,nobody is talking about this upcoming power outage though,Baltimore,MD,,1,0,1,1,0,1,0,1,0,1,1,0,0
skyrxca,FALSE,the power just went out for like five seconds yall good,typo town,,,1,1,1,1,1,1,1,1,1,1,1,1,1
ExpungedCrRec,FALSE,pankaj sharma a engineer at conedison was convicted of harassment in pennsylvania on sharma who is married with two children and lives in edison nj molested and harassed a woman who refused to have sex with him metoo consent awareness metooindia nomeansno https t co mlazclgrkg,None,,,0,0,0,0.4666666667,0,0,1,1,1,1,0,0,1
scrawnydraco,FALSE,the power just went out on my whole street guys the demogorgon is coming https t co znbrcvho,she/her ‚ôî 13 ‚ôî multi,,,0,0,1,0,0,1,0,0,0,1,0,0,0
dizzymechanic,FALSE,azulasbtch zalexreina wolvreina newtsannabeth rreyesreina no im ur mom twice and ur only mine once i have more power,republic FUCKING city,,,1,1,1,1,1,0,0,0,0,0,0,1,0
ja_jacois,FALSE,doingright they are demons operation through them i bind those demons in the mighty name of jesus i bind them so that they will have no more power to mock your mighty name jesus,None,,,1,1,1,0.7333333333,1,0,0,0,0,0,0,1,0
appetiteforgood,FALSE,benioff im surprised matt haney liked this you are the prime example of being purely a politician with no execution tweeting and saying you dont have the power or resource to do anything isnt helpful youre responsible for d and d is worse than its ever been worse than under jk,SF,NYC,Houston,0,1,0,0.8666666667,0,0,1,1,0,1,0,0,1
TheCairnsPost,FALSE,power has been cut to hundreds of cairns homes with grass fires breaking out due to fallen powerlines https t co jvkokfc,Cairns,Australia,,0,0,1,0,0,1,0,0,0,1,0,0,0
jakeclevine,FALSE,tfw when youre talking climate impacts and theres a power outage telephone works tho since trump hasnt read his own administrations climate science heres a recap ahead of his ca visit https t co yenmbfl,Los Angeles,CA,,0,0,0,0,0,0,1,1,1,1,1,0,1
ELNewsAlabama,FALSE,there are currently multiple power outages in areas of lauderdale county saturday sept as of p m the florence utility outage map shows customers without power https t co mabgqbd,Rogersville,AL,,1,1,0,1,0,1,0,1,1,0,1,0,0
dylanmurphy____,FALSE,cityoflorenceal fix the freaking power outage,None,,,1,1,1,1,1,0,0,0,0,0,0,1,0
meralco,FALSE,marou_ps marou phati sarne its unexpected outage and meralco crew are fixing the problem now sorry for the inconvenience power will be restore as soon as posible meralco customer care,Philippines,,,1,1,1,1,1,1,1,1,1,1,1,1,1
KhanumMileena,FALSE,leaderofolympus she stood up straight suddenly feeling small no its just the closest thing to a family heirloom i have she admitted remembering her father boastfully saying how she would inherit everything his hammer his throne his armies his respect and his power,None,,,1,1,0,1,0,0,1,0,0,1,0,0,1
Tenacious28Diva,FALSE,keara_janay_ lol i know im late to the party with power but her and holly is a no for me holly should have died in that club,None,,,1,1,0,1,0,0,1,0,0,1,0,0,1
GregBla81247728,FALSE,biwg there is no together you didnt ask me i would have told you flat out no i dont want to be super i have been exploited for greedy corruption enough i want to connect with my community and facilitate them without corrupt interference from those who want power,None,,,1,1,1,1,1,0,0,0,0,0,0,1,0
mbtg1212,FALSE,my day woke up went to sleep woke up again used my brain power to transport jupiter stopped by and had a hot chocolate found out my daughter furby my cat broke her little paw try to get some sleep and found myself staring at the wall and saw barney come through my window,None,,,1,1,1,0.9333333333,1,0,0,0,0,0,0,1,0
GiftedNotBroken,FALSE,drtarasanderson i live in california so between fire danger and rolling blackouts and weather events our power goes out several times a yearsometimes for a few hours sometimes for a week or more i fire up the generator and go back to whatever i was doing before the power went out,California,,,0,1,1,1,0,0,1,1,0,0,0,0,1
JoydipSamanta,FALSE,pvvnlmrt uppcllko uppclgzbd i am not sure what kind of technical fault but everyday hr power outage due to technical fault means either we dont want to resolve that fault or we are intentionally shut down the power minofpower need your intervention here pmoindia upgovt,Kolkata,India,,1,1,0,0.8,0,0,1,0,0,1,0,0,1
bigdawggrell,FALSE,is the storm thats comin gonna lead to another power outage or nah its not that deep gramfam,301 üíö,,,1,1,1,0.9333333333,1,0,0,0,0,0,0,1,0
heavlycyborg,FALSE,since my mom went to bed early i had to take up the mantle of chasing coyotes out of the yard i experimented w the power of flashing lights and found it to be effective,None,,,1,1,0,1,0,0,1,0,0,1,0,0,1
SheriSwearsALot,FALSE,ida_skibenes no youre not were going to likely have to fight for a transition of power i wouldnt count on it being peaceful but i sincerely hope handcuffs are involved thepeopleshouse strongertogether,IL. USA,,,1,1,0,0.9666666667,0,0,1,0,0,1,0,0,1
evn1ce,FALSE,there being a power outage,she/her ‚Ä¢ 19,,,1,1,1,1,1,1,1,1,1,1,1,1,1
noaa_weather,FALSE,mbargy there have been intermittent issues with the nowcoast amp nws idp sources but mesonet is working i would try switching back to mesonet which is still the most reliable source you may have switched recently when mesonet had a power outage,None,,,0,0,0,0,0,0,1,1,1,1,1,0,1
evn1ce,FALSE,not a power outage,she/her ‚Ä¢ 19,,,1,1,0,1,0,0,1,0,0,1,0,0,1
g0ldenant,FALSE,i think the universe doesnt want me to get razor cause another power outage almost just happened,?,,,1,1,0,1,0,0,1,0,0,1,0,0,1
In__Search,FALSE,naval officer lynching in mumbai is shocking chilling imagine if this nexus of inc + ncp + ss + tmc + aap + sp some how come to the power they will finish all the indic wing voices will empower all the islamists i have no doubts,None,,,1,1,0,0.9666666667,0,0,1,0,0,1,0,0,1
the_bonnfire,FALSE,_zeets im talking less those in weird positions who took the fall and more the complicit politicians who have the power to end this at any point and choose to continually throw their support behind it they are the smart ones get a piece of the pie with no consequences,Winston-Salem,NC,,0,0,1,0,0,0,1,1,1,0,1,0,1
official__ideal,FALSE,americastvoter realnikki_k aubrey_huff martinwiener nasa where in california do we not have enough electricity cause i live here and have yet to have or hear of a recent power outage or shortage also https t co lefpptpc,the middle of nowhere,,,0,0,1,0,0,0,1,1,1,0,1,0,1
latinpeople,FALSE,littledeekay its going better after not having power for days and missing my kids first week of online schooling and work but glad you and your children are doing well i know you will get through it of that i have no doubt gnsd,Salt Lake City,Utah,,0,0,0,0,0,0,1,1,1,1,1,0,1
LPK01225149,FALSE,blantdaddy i have no patience anymore they are seem to be so dense very unhappy people they collectively refuse to accept stats and facts i find i have to block and be done with them more power to you,None,,,1,1,1,1,1,0,0,0,0,0,0,1,0
Lawtuff,FALSE,lvghst but i also have no reason to doubt that the chinese govt is comfortable using draconian means to act against any potential security risks in a strategically vital part of china that has often been restive and at a remove from the power of the central government in chinese history,they. freedom & degeneracy. chips & dips.,,,0,0,0,0,0,0,1,1,1,1,1,0,1
abegeleisms,FALSE,nalungkot ako nung nagkapower outage dito samin kasi gusto ko pa mag trabaho today i must be out of my mind kjshdjkssksdksk,he/him/eww,,,1,1,0,0.8992938543,0,0,1,0,0,1,0,0,1
Ethan10Genesis,FALSE,rocket league tournaments power outage bruh momento https t co jbgggps,Texas,USA,,1,1,0,1,0,0,1,0,0,1,0,0,1
nonscentical,FALSE,so this one time i saw you the power went out and nobody could see me that falls down stairs,None,,,1,1,1,1,1,1,1,1,1,1,1,1,1
meralco,FALSE,ramenandsoba hi maam sir ramenandsoba our apologies for the inconvenience that the power outage may have caused you please feel free to contact us for any other concern thank you for reaching out to us keep safe po,Philippines,,,1,1,0,0.9333333333,0,0,1,0,0,1,0,0,1
LisaOodlik,FALSE,briandunseth i for some reason still watching post game i think it is shock so deflating i have no power to reach for the remote,None,,,1,1,1,1,1,0,0,0,0,0,0,1,0
MMAHeartless,FALSE,ghosty fo sho thank you i think were actually doing better today we have water amp power again so thats nice checking the fire evac zones every hour or so no changes so we sits amp we waits when this calms down lets go catch a drink smwhere amp decompress i miss ur face,Portland,OR,,0,0,1,1,0,0,1,1,1,0,0,0,1
alexhowlcastle,FALSE,no bitch faggot will ever have the power to decide my future to make rich men happy you dont matter in my story just like i dont matter in yours chinatown sweepstakes do better, ü·¥Ä,,,1,1,1,0.9666666667,1,0,0,0,0,0,0,1,0
XxchanC,FALSE,politikkarma murtazamehdi divine m_mxrtha darshiii yes im against those forms of government power not necessarily islamic countries i have no issue with what the dominant religion is in a country that means nothing i take issue with certain government structures and philosophies especially autocracies and fascism,None,,,1,1,0,0.9666666667,0,0,1,0,0,1,0,0,1
72_SWANK,FALSE,so my friends power went out and hes a huge dodger fan and im not watching any astros related games what happened can someone tell me a final score tryna relay to my buddy thx,CBZ üá∫üá∏,,,1,1,0,1,0,1,0,1,1,0,1,0,0
SevenShepherd,FALSE,and jesus returned in the power of the spirit into galilee and there went out a fame of him through all the region round about luke god bible faith,None,,,1,1,1,1,1,0,0,0,0,0,0,1,0
READGOH,FALSE,there is an invicible force that is stopping me from winning i cant do shit in this life i have no power i cant accomplish anything even when i put my mind to it i swear i feel like i a am just here,somewhere quiet,,,1,1,0,0.9666666667,0,0,1,0,0,1,0,0,1
FishTheIcon,FALSE,got damn i have a power outage smh,None,,,1,1,0,1,0,1,0,1,1,0,1,0,0
oldmommatajuri,FALSE,power went out shortly after we got home was out all night so everything died tired from long hot night,Tajoura,Libya,,1,1,1,0.9333333333,1,1,1,1,1,1,0,1,1
ExLuckPlus,FALSE,im not allowed to make mistakes i have to be a robot i have to be perfect thats what people keep telling me im already dealing with the possiblity of being homeless possiblitiy of having no power possiblity of my brother getting fired cause our only transportation is in shop,None,,,1,1,1,1,1,0,0,0,0,0,0,1,0
ootwalexa,FALSE,biueeyesshined all i have now is memories of bowl cut bangs and arm lyrics i had no idea how much power it would hold now https t co usmarctuc,Los Angeles,CA,,1,1,0,0.9666666667,0,0,1,0,0,1,0,0,1
janet70230179,FALSE,no matter what im self sufficient and have the power of one the same me as,None,,,1,1,1,1,1,0,0,0,0,0,0,1,0
Un1oveab1e,FALSE,my power just went out i am so sad,Chicago,IL,,1,1,1,1,1,1,1,1,1,1,1,1,1
janet70230179,FALSE,no matter what im self sufficient and have the power of one the since,None,,,1,1,1,1,1,0,0,0,0,0,0,1,0
AlienxTrouble,FALSE,nadie mi hermana jugando con sus amigos del cbtis uff pongan el rap de edison vs tesla,None,,,1,0,1,0.7739896215,0,0,1,0,1,0,0,0,1
obiwankenboneme,FALSE,apparently the power went out while i was at work so now my ps is yelling at me for improperly ejecting the external storage system since i always leave it in rest mode,tucky,,,1,1,1,0.9666666667,1,1,1,1,1,1,0,1,1
Junhee_mp3,FALSE,my friends power went out and im at their house omg,None,,,1,1,1,1,1,1,1,1,1,1,1,1,1
swelljoe,FALSE,spent all afternoon evening building a shelf in my kitchen cabinet and while doing that the switch for my inverter melted unrelated i wasnt using power tools at the time so i have no power except lights on battery now i have another damned project at pm on a saturday,Austin,TX,,1,1,0,0.9333333333,0,1,0,1,1,0,0,0,0
RandoManga,FALSE,i might not have the power to fight now but i will protect my friends no matter what mirajane fairy tail,Followers Heart :3,,,1,1,1,1,1,0,0,0,0,0,0,1,0
JackieThaGoat,FALSE,my power just went out im tucked smh,PSN - JackieTheGoat,,,1,1,1,1,1,1,1,1,1,1,1,1,1
ohits_C,FALSE,my power went out as i was working on an assignment thats due tonight,D(M)V | The Moon ‚úàÔ∏è Oz,,,1,1,1,1,1,1,1,1,1,1,1,1,1
TCEP90290,FALSE,will your frs radio receive tceps top of the hour reports in the next big incident find out sunday sept at pm tune to channel amp listen only to a test transmission in a power outage frs is one way to get evacuation info details at https t co acqbinxjz,Topanga,CA,,1,1,0,0.8666666667,0,0,1,0,0,1,0,0,1
_mterner1,FALSE,realdeancain all bs rhetoric no good sense he is actually dangerous and frightening i cannot believe i lived to see a guy like this actually have this much power its just so terrifying for the world of my children and grandchildren hopefully california will start voting these clowns out,Los Angeles,,,0,0,1,0,0,0,1,1,1,0,1,0,1
Etru45,FALSE,power just went out,None,,,1,1,1,0.9980850872,1,1,1,1,1,1,0,1,1
chrismuller_2,FALSE,cityofct power outage in durmonte please investigate,None,,,1,1,1,0.8666666667,1,1,1,1,1,1,0,1,1
taishir0s,FALSE,i have the power to draw a catboy at any time and no one can stop me,flavortown,USA,,1,1,1,1,1,0,0,0,0,0,0,1,0
SNiFFiNbuTT,FALSE,i guess i must have missed some thing today because i just finally left the house after being sick all day and the line at mcdonalds is out of the parking lot and down the street is there no power or are people just that desperate for fast food im so confused,None,,,0,0,1,0,0,0,1,1,1,0,1,0,1
MrTBshaw,FALSE,teknomantik rockies i had no idea there were so many clowns over in that time zone maybe theyll have a rolling blackout tomorrow and have no power to get on the tweets box,Look up to the sky,,,0,0,1,0,0,0,1,1,1,0,1,0,1
nelamandela,FALSE,omg my heart racing rn cause i just watched the criminal minds episode where the people power go out and then they get killed and my power just went out,None,,,1,1,1,1,1,1,1,1,1,1,1,1,1
claudiajeanc,FALSE,no you know what i am upset that will and ainsley didnt overlap at the white house like the power they would have had unmatched,the void,,,0,0,1,0,0,0,1,1,1,0,1,0,1
Gman77700,FALSE,elviejopato itanimeirl ristarte had good healing powers her hero was just way to strong hestia is literally not allowed to use her power even still she works multiple jobs to support herself and bell aqua i have no excuse,Louisiana,USA,,1,1,1,0.9333333333,1,0,0,0,0,0,0,1,0
SannWendel,FALSE,theotherlib sssammisue i think most people have an intrinsic desire to figure out the meaning of life we have questions no one knows the answers to pain and hurt we seek to heal etc everyone answers those questions and fills those needs in different ways some through connection to a higher power,Earth,,,1,1,0,1,0,0,1,0,0,1,0,0,1
ajMeehl,FALSE,power went out mid bathroom break kinda digging the spooky vibe,Darboy USA,,,1,1,1,1,1,1,1,1,1,1,1,1,1
LiamJamesMedia,FALSE,so my power went out and decided to use the remaining battery on my laptop to create a rlcsx soundtrack playlist all the songs are ranked from top to bottom based off of beat and energy you can listen to it now on spotify https t co nusiqndi https t co qoqcvns,Auckland,New Zealand,,0,1,1,0.9666666667,0,1,0,0,1,1,0,0,0
ThatGirlAmbs,FALSE,my neighborhood is suffering through a power outage no stream until its fixed,Boston,MA,,1,1,0,1,0,1,0,1,1,0,1,0,0
LiamJamesMedia,FALSE,so my power went out and decided to use the remaining battery on my laptop to create a rlcsx soundtrack playlist all the songs are ranked from top to bottom based off of beat and energy you can listen to it now on spotify https t co nusioci,Auckland,New Zealand,,1,1,1,0.9666666667,1,1,1,1,1,1,0,1,1
elliesarmtatt,FALSE,zacari jimmymcglynn wintertimeke cxxks___ dabaddman when i was years old i was playing soccer and playing basketball i had no fucking idea about what was going on im old enough to understand these problems and i want something done about it white people are obviously have more power than black people because otherwise,she/her,,,0,0,0,0,0,0,1,1,1,1,1,0,1
Davorunner,FALSE,inneskay ellymelly its called our constitution and it was put in place for a reason to stop this tyranny i cant believe you seem more upset at people standing up for their rights than the tyrannical police these are pretended laws and have no power so absolutely should be ignored https t co sjsruyozy,Australia,,,1,1,0,0.6666666667,0,0,1,0,0,1,0,0,1
vangaill,FALSE,power went out and i am scared of the dark this is not a good time,19,she/her,,1,1,0,1,0,1,0,1,1,0,1,0,0
Noraistired,FALSE,pubdef_britt the judge power trip is ridiculous like bruh we both went to law school and u get a magic robe and suddenly this changes things there are some judges i respect the fuck out of but respect must be earned,Los Angeles,CA,,1,1,0,1,0,0,1,0,0,1,0,0,1
mmayomi,FALSE,tegasupreme ikejaelectric i just hope there is no fault as they have not brought it back since this is the first time in months that weve not had power for consecutive hours,None,,,1,1,1,1,1,1,1,1,1,1,1,1,1
OriginalTnasty_,FALSE,blown a fucking power outage till am,lilyonna,liljames,#k4k #LLF,1,1,0,1,0,1,0,1,1,0,1,0,0
DelayedTheGoat,FALSE,xonokap the power outage of hell,None,,,1,1,0,1,0,1,0,1,1,0,1,0,0
Auwutist,FALSE,misesianchicago thinker he calls it a dox when he logged on his own twitter account complained about a power outage information was out public and in the open much like all his other information and then cries foul when he threatened minors he muted me because hes a coward and cant handle shit,Space,,,1,1,0,1,0,0,1,0,0,1,0,0,1
Ayot_Pawel,FALSE,umemeltd i reported power outage yesterday with no response and you cant be reached on phone what are my options,East Africa,,,1,1,1,0.9666666667,1,1,1,1,1,1,0,1,1
FordneyEnergy,FALSE,shutting off power in fire country is dangerous pacific gas and electric co had shut off power monday night a planned outage to prevent wildfires leaving some residents without tv or internet in an area where cell phone service is hit or miss https t co ecykyyyg,Near Sacramento,CA,,0,0,0,0,0,1,0,0,0,0,0,0,0
the_hereford,FALSE,the power went out the other day and i forgot to change the clocks back so like its already b and i though game just started lol,in some mountains,,,1,1,1,1,1,1,1,1,1,1,1,1,1
GuamPDN,FALSE,power alerts will help reduce the high call volume we receive at our dispatch center and ensure customers have immediate access to information of any outage affecting them hours a day said john benavente gpa general manager https t co pzbcijht,Guam,USA,,0,0,0,0,0,0,1,1,1,1,1,0,1
BobbyRo76503269,FALSE,seacalled meessssi_j honey if there were no police i would be out committing crimes like crazy cuz whos going to stop me not you and if you take away all the guns only the criminals have the guns absolute power absolutely corrupts and if i got the gun i got the power,Inside Your Head,,,1,1,1,1,1,0,0,0,0,0,0,1,0
gokaiburakku,FALSE,wiiknight this is where power rangers could have been at the forefront of lgbt rep even straight characters dont really kiss or anything so a queer couple could have shown the same level of affection as a straight one and no one would notice i hope they can at least hold hands,California,USA,,1,1,1,0.7,1,0,0,0,0,0,0,1,0
BTS_1billboard1,FALSE,your faves went on stage and looked pretty and yall claim it as fucking influential a group who started from nothing and started doing nice things the moment they finally received the power to finally voice out smt bc yall werent listening,08/31/20,,,0,0,0,0.9666666667,0,0,1,1,1,1,0,0,1
chlogurtt,FALSE,had a self care night planned that consisted of skincare and twilight but my power just went out,United States,,,1,1,1,1,1,1,1,1,1,1,1,1,1
MAM3789,FALSE,insidefpl power outage but i cant report it via the app,None,,,1,1,0,1,0,1,0,1,1,0,1,0,0
LiamJamesMedia,FALSE,so my power went out and i used the remaining battery to create a rlcsx soundtrack playlist the songs are ranked based off of their beat and energy available on spotify now https t co yrlkhbcgkh https t co ucwbmja,Auckland,New Zealand,,1,1,1,0.8333333333,1,1,1,1,1,1,0,1,1
ferdinandmucos,FALSE,kenyapower_care does it mean you had an uncommunicated power outage today around mamboleo kisumu,kenya,,,1,1,0,1,0,1,0,1,1,0,1,0,0
N1njaFighter,FALSE,xsandites bruhh it isnt fair i had a power outage in the middle of the tournament,Idaho,USA,,1,1,0,1,0,1,0,1,1,0,1,0,0
changeItBlr,FALSE,mvvnl ptshrikant dvvnlmd mdpvvnl md_puvvnl mdmvvnl cmofficeup uppcllko mvvnlakbarpur mduppcl uppclchairman power outage again what the hell you guys doing could you please take action immediately,None,,,0,0,1,0,0,1,0,0,0,1,0,0,0
AkiItachi1,FALSE,the only reason armys hold power is that luckily or not majority of this fandom is actualy and truly devoted to bts i by no means would discredit achievements and efforts of other artists as i have no right as you dont too,None,,,1,1,0,1,0,0,1,0,0,1,0,0,1
TheDarkAges3,FALSE,umemeltd power is already cut off off in gulu it is but the planned outage starts at why,None,,,1,1,0,1,0,1,0,1,1,0,1,0,0
LoqkiNA,FALSE,honrful my power just went out like deadass as soon as i sent that text lol,None,,,1,1,0,1,0,1,0,1,1,0,1,0,0
BigtimeCane,FALSE,michaelshickman accontent__ gtfootball now that yall stopped the triple option i hope yall become a power house and win recruiting battles with thebulldogs no reason being in ga yall shouldnt have top classes every year now,Daytona Beach,FL,,1,1,1,0.9666666667,1,0,0,0,0,0,0,1,0
BenMwalimu1,FALSE,kenyapower_care perennial recurrent power outage acc no pre paid acc no near kendu adventist hospitalgendia and nyaburi primary school phone statehousekenya interiorke eduminkenya cofekrebranded williamsruto energymink switchoffkplc,Daima Mimi Mkenya!,,,1,1,1,0.7333333333,1,1,1,1,1,1,0,1,1
DesiKalaakar385,FALSE,question of the year am i audible amp reason of the year power outage in my area workfromhome sundaymotivation,India üáÆüá≥,,,1,1,1,0.9333333333,1,1,1,1,1,1,0,1,1
cscnyx,FALSE,honestly its just annoying at this point like what do you want me to do like thanks for telling me but im not gonna go and complain abt it because i have no power over it if ppl wanna be assholes go ahead no one cares,she/her | 15,,,0,0,0,0,0,0,1,1,1,1,1,0,1
PearPrinceG,FALSE,well that is awkward my power just went out in my room so stream is postponed for a second faze,None,,,1,1,1,1,1,1,1,1,1,1,1,1,1
cerberus_walker,FALSE,my power went out it came back very pog,he/him,,,1,1,0,1,0,1,0,1,1,0,1,0,0
BenMwalimu1,FALSE,kenyapower_care perennial power outage acc no pre paid acc no near kendu adventist hospital gendia and nyaburi primary school phone statehousekenya eduminkenya interiorke energymink nationafrica ntvkenya ramogifm ktnnewske citizentvkenya,Daima Mimi Mkenya!,,,1,1,1,0.7333333333,1,1,1,1,1,1,0,1,1
SShawnSSpatz,FALSE,is anyone trying to sublease my apartment i again have no power tonight,Wellington/Orlando UCF '18,,,1,1,1,1,1,1,1,1,1,1,1,1,1
kimmydeenyc,FALSE,chase_hend carterforva i have no problem if you prefer another candidate to joe but be honest sanders was in positions of power for + years he accomplished little amp did as much harm if not more as any of the other dem candidates this is not a theoretical game facts matter,None,,,1,1,0,0.6333333333,0,0,1,0,0,1,0,0,1
Hy90113384,FALSE,diyadeb predictions_k i no have the problem with the interview and what jennie says i just disappointed with your fandom always says support woman and talking about girl power but iys different when talking about twice,None,,,0,0,0,0,0,0,1,1,1,1,1,0,1
Saga_23_,FALSE,zephyrstarbyt i dont get why some power ups have a time limit and hate so much how the red star has basically no use,BLM,,,1,1,1,1,1,0,0,0,0,0,0,1,0
BrandonPeak_,FALSE,power outage fried my ps and now it wont turn on or even beep who wants to sell me theirs,None,,,1,1,0,1,0,1,0,1,1,0,1,0,0
EBKxPapi,FALSE,aaand my power just went out wtf,Cutler ridge,FL,,1,1,1,1,1,1,1,1,1,1,1,1,1
nonscentical,FALSE,so this one time i saw you the power went out and nobody could see me that dances like a worm,None,,,1,1,1,1,1,1,1,1,1,1,1,1,1
changeItBlr,FALSE,mvvnl ptshrikant dvvnlmd mdpvvnl md_puvvnl mdmvvnl cmofficeup uppcllko mvvnlakbarpur mduppcl uppclchairman bjpup bjpindia pmoindia anyone there to help pls power outage is impacting my work,None,,,1,1,1,1,1,1,1,1,1,1,1,1,1
SakuOracle,FALSE,dsoagentleon well yes but no see power rangers is the version of super sentai that america makes using footage from the respective series theyre adapting those figurines are from phoenix ranger featherman fun fact i actually have a green ranger cosplay from the series,None,,,1,1,0,0.9333333333,0,0,1,0,0,1,0,0,1
pogchump1,FALSE,the whole neighborhoods power just went out uh oh,None,,,1,1,1,1,1,1,1,1,1,1,1,1,1
Dmontgomery17,FALSE,yo my cousin aliviarains_ really do be snoring through this storm and power outage,Franklin,Ohio,,1,1,1,0.9333333333,1,1,1,1,1,1,0,1,1
HUANGHYUNJlN,FALSE,your life is miserable ill never believe yourself to take the kings seat what can you do theres no proof or power you have ill take it as a compliment instead https t co yozttjlltk,ùóòùó°ùóö. ùó´ùó©ùóúùóúùóú.,,,1,0,0,0.9333333333,0,0,1,0,1,1,0,0,1
LPGhatguy,FALSE,whitequark i have a couple cursed usb stories you might find amusing plugging my old work mbp into a tv with a usbc to hdmi adapter would power off the laptop seconds later no other machines in the fleet did this,None,,,1,1,1,1,1,0,0,0,0,0,0,1,0
UmemeLtd,FALSE,ayot_pawel dear pamela apologies for the power outage let us notify the team to ensure this is resolved nj,None,,,1,1,0,0.9666666667,0,1,0,1,1,0,0,0,0
crimsonpostgrad,FALSE,i care deeply about what others think of me and if people dont like me i might cry about it so i pretend not to care to make sure no one knows they have that power over me lol,Tuscaloosa ‚úàÔ∏è DMV,,,1,1,0,0.9666666667,0,0,1,0,0,1,0,0,1
JdVVNLCCare,FALSE,nikitagehlot ashokgehlot jdvvnle maam there is scheduled power outage due to maintenance in ur area supply will resume pm,Jodhpur,,,1,1,1,0.7333333333,1,1,1,1,1,1,0,1,1
jimmyroybloom,FALSE,when you thought of as mental or sound angry or impatient or something people dont think of you as being anything real you a joke i think that is why lots of this school shooting happens for one minute at least they have power they no joke,Philadelphia PA,,,1,1,1,1,1,0,0,0,0,0,0,1,0
nick_norris_slc,FALSE,entering power outage day power comes on goes off goes on goes off most of the time its partial power ok for a few lights and plugs not enough for anything else crews have been out times to stand under the transformer and stare at it then they leave,Salt Lake City,UT,,1,1,0,1,0,0,1,0,0,1,0,0,1
mystic_rebel55,FALSE,im_not_ewe freemind i agree we have the power say no to all their evil corporations they can have them we have each other unitedwestand,None,,,1,1,1,1,1,0,0,0,0,0,0,1,0
NewsNationGlob1,FALSE,guam power authority launches power alert outage informationsystem https t co zrljiz,None,,,1,1,1,1,1,1,1,1,1,1,1,1,1
candygramme,FALSE,hope_isnt_crazy i dont have any if i want to read something i save it in case a the author deletes their stuff before i get to it or b we have a power outage when i get to it i do have a really large archive of fics stored now,Vancouver,British Columbia,,1,1,0,0.9666666667,0,0,1,0,0,1,0,0,1
Biblio_Bruja,FALSE,its so weird and wonderful and strange that the most toxic people remove themselves when you show that they have no power over you we love it when the trash takes itself out this dragons milk stout is the sweetest beer ive ever had and i love it https t co ikexre,Sacramento,CA,,1,0,0,0.6,0,0,1,0,1,1,0,0,1
flexibledragnet,FALSE,evcricket moylecroft asxlongtail simonahac peterkemplawyer i sincerely doubt if chris has commissioned anything to do with nuclear power nuclear medicine maybe hes a biotech ceo moonlighting as a biotech person myself i have some sympathy but theres no veracity to the argument,Brisbane,Queensland,,1,1,0,0.9666666667,0,0,1,0,0,1,0,0,1
WonHaxicated,FALSE,kijayz minji_bora singjibos power hopefully when i get to buy albums when im no longer broke ill have singjibo or at least suayeon agdhshhs,üáµüá≠,,,1,0,1,1,0,0,1,0,1,0,0,0,1
yeoglizzy,FALSE,cant play xbox cuz its storming in fl and power wifi has an outage every minutes,None,,,0,1,1,0,0,1,0,0,1,1,0,0,0
SassafrassPants,FALSE,and no i do not actually have any confidence in the gop supporting the peaceful transfer of power because i am not a big dumbdumb with my head in the clouds the gop will do anything to keep this going and you are kidding yourself if you dont see that,None,,,0,0,1,0,0,0,1,1,1,0,1,0,1
JayHtea,FALSE,msjah_ you said roles how many serious roles have you seen method man have no doubting he hasnt i need to see moregt he is doing very well in power tho,None,,,0,0,1,0,0,0,1,1,1,0,1,0,1
saracen_slacker,FALSE,kitvue imagine if you were in it and the power went out and you got trapped in a scorpion,None,,,1,1,1,0.9333333333,1,0,0,0,0,0,0,1,0
Ash007YT,FALSE,was mid flight with a friend doing some touch and goes as well as stol in msfs and my power went out i dont know if the recording will be corrupt will see when power comes back https t co gpjmhcdep,Victoria Australia,,,1,1,1,1,1,0,0,0,0,0,0,1,0
MrScaryPFD,FALSE,therouses benioff lol what does that even mean i bet you wear a seat belt i bet you have no qualms visiting or working on buildings that are built to govt code you eat food that passes govt inspection this freedom from the govt power movement is just so scattershot,None,,,1,1,1,0.9,1,0,0,0,0,0,0,1,0
Elizabe24889061,FALSE,magi_jay markpmeredith wow i hear ya but however we are not afraid of a flu strain if that is what you think more power to you you have thousands of antagonists and agitators and antifa ruining our states oh please its ok for them but no one can reopen open your eyes,Hollywood,FL,,1,0,0,0.8333333333,0,0,1,0,1,1,0,0,1
BananSam7,FALSE,plussystu gaming but my power went out and so does my phone in minutes cuz parental controls,None,,,1,1,1,1,1,1,1,1,1,1,1,1,1
ac_chicken,FALSE,but every spell has its limits this recent operation has demanded power beyond my capacity i can no longer conceal myself from myself or myself from others so i have little choice but to make the following announcement,None,,,0,1,1,0,0,0,1,1,0,0,1,0,1
HARDtoFORGET,FALSE,a reaction is a form of action it is energy you have no power over me unless i give it up to you freely https t co kgdectmn,Somewhere beyond your reach,,,1,1,0,0.9666666667,0,0,1,0,0,1,0,0,1
HARDtoFORGET,FALSE,a reaction is a form of action it is energy you have no power over me unless i give it up to you freely https t co ybbrqwzeb https t co ayzlzeyr,Somewhere beyond your reach,,,1,1,0,0.9666666667,0,0,1,0,0,1,0,0,1
,,,,,,,,,,,,,,,,,,
,,,,,,,,,,,,,,,,,,
,,,,,,177,,,,,,,,,,,,