user,is_retweet,tweet,location, state, state_1, state_2,predict_lr,predict_nb,predict_rnn,labels
AGuyNamedNam,False,power outage at the complex mins after my last class thank god,Los Angeles, CA,,,1,1,1,1
StarchiPuppy,False,power outage got a few hours of data but my battery probably wont last that long because it was at currently charging from my laptop,curled up on your lap uwu ,,,,1,1,1,1
coachbrmcleod,False,before and after shots of a challenging first day back hamiltonwide power outage and then no interwebz until halfway through remote learning block means these teachers need some downtime today after school https t co rynutee,None,,,,1,1,1,1
Doomsbringer34,False, globalnews power outage for the area of a and th in surrey https t co jhtgjrpc,Surrey BC,,,,1,1,0,0
srinivashbk,False, tsspdclcorporat why frequent power outage in old vasavi nagar karkhana when will the power get restored,None,,,,1,1,1,1
chauhan188111,False, jdvvnlccare team in midnight power has down in h no gali no behind blue city indane gas agency vidhya nagar why power has been down update me when light will resume why power outage in midnight,Paota, Jodhpur,,,1,1,1,1
singmoshe,False,avoid darkness avoid power outage talk to sunworx energy solutions and light up your farm business home etc nb like the page share and tag friends https t co gnmjkumzj,Oshakati,,,,0,1,1,0
Doomsbringer34,False, ctvnews power outage at a and th ave surrey https t co netrinbff,Surrey BC,,,,1,1,1,1
oshawapower,False,power outage affecting customers in northeast oshawa estimated repair sep p https t co umfyktrd,Oshawa, Ontario,,,1,1,1,1
glitched_ninja,False,love when squirrels eat through the electrical wire and cause a power outage and are now fried in our driveway lol,leaf village,,,,1,1,0,0
CoreyWill81,False, mschoechemistry i feel ya my power flickers for a hot second and that led to a min internet outage used phone hotspot what day is it,Ypsilanti, MI,,,0,0,0,0
NarutoOnlyFans1,False,power went out halfway thru shaving my chest,None,,,,1,1,1,1
ditchdoctor1990,False, edgarju epicgames theres a power outage currently ,None,,,,1,1,1,1
h0ldyourcolour,False,major power outage on my road n obviously im going to use the last of my phone battery on twitter,Southampton, England,,,1,1,1,1
thekaibaby,False,not a power outage ghetto,‚òº cancer ‚òæ gemini ‚Üë virgo ,,,,1,1,1,1
GulfPower,False,with hurricane sally approaching the gulf coast now is a great time to download the gulf power app its an easy way to get the latest information report an outage and access your account sally https t co krrhnfdypp,Pensacola, Florida,,,1,1,0,0
AKpublicnews,False,people in newtok have been without power for almost three weeks families without personal generators have seen their freezers thaw out and watched a summers worth of subsistence harvest go to waste https t co miebnr,Alaska,,,,1,1,0,0
Met_Ed,False,even if a neighbor has already reported a power interruption you should always report your outage too the more reports we receive the more accurately we can determine the extent of the outage and its cause https t co rowrkrvts,Reading, Pa.,,,1,1,1,1
MonPowerWV,False,even if a neighbor has already reported a power interruption you should always report your outage too the more reports we receive the more accurately we can determine the extent of the outage and its cause https t co unca,Fairmont, WV,,,1,1,1,1
PotomacEdison,False,even if a neighbor has already reported a power interruption you should always report your outage too the more reports we receive the more accurately we can determine the extent of the outage and its cause https t co fzlgwiv,None,,,,1,1,0,0
W_Penn_Power,False,even if a neighbor has already reported a power interruption you should always report your outage too the more reports we receive the more accurately we can determine the extent of the outage and its cause https t co zdoqqgbg,Greensburg, Pa.,,,1,1,1,1
JCP_L,False,even if a neighbor has already reported a power interruption you should always report your outage too the more reports we receive the more accurately we can determine the extent of the outage and its cause https t co gwxcbrpy,Morristown, NJ,,,1,1,1,1
illuminatingco,False,even if a neighbor has already reported a power interruption you should always report your outage too the more reports we receive the more accurately we can determine the extent of the outage and its cause https t co klftadufp,Cleveland, Ohio,,,1,1,1,1
Penelec,False,even if a neighbor has already reported a power interruption you should always report your outage too the more reports we receive the more accurately we can determine the extent of the outage and its cause https t co ksjgk,Erie, Pa.,,,1,1,1,1
chauhan188111,False, jdvvnlccare i think your team should work on such issue or fault occurred in night because its resting time every one sleep but due power outage sleeping is disturbed in my area or line its usual every to days ,Paota, Jodhpur,,,1,1,0,0
Stavros_Greer,False, mcmasteru morning power outage afternoon avenue down in the elearning world we no longer have snow days we have technical difficulty days,None,,,,1,1,1,1
sharethecities,False,i went outside for the first time in like days to throw out my trash and now i cant stop coughing if youre a supervisor at a job and your employees are outside please think about the power you have over their health ,Seattle, WA,,,1,1,1,1
Savality,False,not a power outage for around thousand people,South Florida,,,,1,1,0,0
shawnsellsfla,False, dukeenergy you guys suck second power outage in the last days wont be back on til pm get your stuff together,√úT: 28.569559,-81.376454,,,0,0,1,0
PlattsPower,False,florida power amp lights mw turkey point nuclear reactor in florida to begin refueling outage oct gonenuclear story https t co hktiltbeo https t co zfqkyhqal,global,,,,0,0,1,0
lovedoesntchang,False,also its not just me bc a girl stopped me when i went to take out the trash when i first woke up and asked me if my power was out which is even more annoying cause its like youre fucking with multiple people today just pissing people off thats the agenda,None,,,,0,0,0,0
laboumslovebot,False,earlier today the power and cell service in my neighborhood went out it was so fucking scary to me like the power for everybody going out fine but the power and cell service for like mins bruh we couldnt call or text anyone like we were in a deadzone,None,,,,1,1,0,0
HwnElectric,False, zylerboy hidoe zylerboy aloha if you are not experiencing a power outage you may want to check your network connection mahalo ,Honolulu, HI,,,1,1,1,1
DefaultedKing,False,this power outage gmfu aine built to be walking up flights of stairs,In My Bagüí∞,,,,1,1,1,1
TheRealGawebo,False,looks like a power outage is ending the stream today thanks for watching,999 Avenue,,,,1,1,0,0
InezMas42557323,False, add in the power outage last week that cost us a whole day without power ,None,,,,1,1,1,1
MeezterMees,False, city_ekurhuleni boksburgnews any update on libradine power outage,None,,,,1,1,0,0
AlexJoh81664406,False,i just published reasons to choose blinds shades drapes motorized https t co agogwouqy there are various explanations for choosing the power outage railing for your windows the blinds shades drapes motorized joins power outage texture for light control for windows blind https t co upgsldbg,Glen Burnie, Maryland 21061 Un,,,1,1,0,0
hydroottawa,False,outage update power is expected to be restored for outage in capital ward by pm ottawaoutage,Ottawa, Canada,,,1,1,0,0
otcwestside,False,there has been a power outage in our area please be aware classes scheduled for tonight on campus have been cancelled https t co bhabyrkru,Winter Garden, FL,,,1,1,1,1
MEchekwube,False, aedcelectricity ajayiisiaka old redeemed babangida market transformer sure you know its over another hours with uninterrupted power outage ,Abua, Nigeria,,,1,1,0,0
Upmind_,False,quick announcement my power went out earlier today and it doesnt seem like its coming back anytime soon in terms of clutchcircuit coverage for the day tune into the main brazilian stream for todays games apologies all around ill go live asap if i get it back,Winter Park, FL,,,1,1,0,0
plussyfan102,False, wholesomeplussy sad that my power went out in the middle of class and im using my g to write this,Plussy headquaters,,,,1,1,1,1
carman_amanda,False, wxyzdetroit power outage in howell foxnews,Howell, MI,,,1,1,1,1
DukeEnergy,False, shawnsellsfla were so sorry to hear your power is out shawn please visit us at https t co lobbrnfyf to report your outage and get all available updates regarding restoration of your service thanks very much for your patience while we work to restore your service ,We're here from 8-5, Mon-Fri.,,,1,1,0,0
BRPowerCoop,False,we currently have widespread outages affecting services from bawlf to killam near highway cause amp estimated time of restoration are currently unknown if your power is out please contact the office at https t co rxticxhn,Camrose Alberta,,,,1,1,0,0
Gigantic_Beast,False,exhausted almost done work was up in the night to a power outage the heat dark amp silence feeling completely surrounded like i was in immediate danger walked into closet door unable to see started ramming the door like a trapped animal before the beast brain calmed fun,None,,,,1,1,1,1
Jonakasule,False, constant power outage at the nile the irony umemeltd,Kampala, Uganda,,,1,1,1,1
JankyJans,False,today i am sad to say that i dressed like a young wife dog mom plant mom and boss babe in my tank top leggings and new running shoes and a baseball cap which i never wear all bc my power went out this morning,None,,,,0,0,1,0
saikarmas,False,the power went out as i was in the middle of watching my kdrama,she/her,,,,1,1,1,1
koosundercut,False,we were literally playing a guess the song game in science and i was winning then my power went out,she ‚ô•Ô∏é her 14 pinky,,,,0,0,1,0
EntergyMS,False,before a storm strikes make sure your electronic devices are fully charged keep a backup power source on hand to recharge your phone so you can stay connected even during an extended power outage learn how you can be prepared https t co bkcjvcpj https t co haninohtl,Jackson, Mississippi,,,1,1,1,1
jackdarlingera,False,hi bc of the hurricane the ocean has decided it wants to hug my doorstep in a couple of hours so if im ia it most likely means my power went out https t co igmcblria,she/her | 19 |,,,,1,1,1,1
hydroottawa,False,reporting an outage helps crews pinpoint the cause call to report if your power is out ottawaoutage https t co olgiwvgx,Ottawa, Canada,,,1,1,0,0
aedcelectricity,False, taiwobay hello our sincere apologies for the power outage affecting your area a reminder has been sent to the assigned technical crew to share an update on when the light will be restored we regret the delay ,Wuse Zone 4, Abuja, Nigeria,,1,1,1,1
gahnarly,False,my power went out in the middle of a training assessment so thats cool,None,,,,1,1,1,1
SCE,False, sillysyl hi there were sorry we missed your message and to learn you were without power in the future you can sign up to get text email or voicemail updates as they happen on our site https t co lllactz thank you ,Southern California,,,,0,1,0,0
KOHLERPower,False,being prepared is your best defense against severe weather as hurricane sally approaches the gulf coast weve got tips on how you can make a plan and prepare for the next power outage or weather emergency https t co tuqcakbsqo,Kohler, WI, USA,,0,0,0,0
OrangySquiddy,False,cool a power outage ,Los Angeles, CA,,,1,1,1,1
lgbtcoIfer,False, pinkcedes the power lines went out and i am all alone but i dont really care at all not answering my phone,ANY!BLM%MINOR„Éü‚òÜ,,,,1,1,1,1
OkinCity,False, unbranded denisebatters she was able to draw a direct line from a power outage in regina to prime minister trudeau and the carbon tax thats some mighty fine ciphering there https t co elgspmpn,None,,,,0,1,1,0
GB_Survival,False,power outage preparing for and surviving a power outage california disasterpreparedness https t co rscjlbd via slideshare poweroutage electricity californiapoweroutage https t co vwudnei,None,,,,1,1,0,0
Verizon,False,review checklists review the power outage checklist and other resources from the american redcross https t co hjclfbwhu hurricanesally,USA,,,,1,1,1,1
noumaan_,False, qazihassamuddin kelectricpk power off across various areas of the city since am it is unannounced loadshading which they are labeling as outage and restoration ,Karachi - Pakistan,,,,1,1,1,1
rachioco,False, sregentin we are facing a power outage the system is temporarily down thanks for the understanding we should have updates on this soon ,Denver, CO,,,1,1,0,0
shep_drums,False,me sleeps in does yoga for the first time in a week meditates feels truly great and ready to start the week off right la power outage because fuck you ,None,,,,1,0,1,0
strategies_the,False,did a power outage stop your well pump you can still flush the toilet with this tip https t co kthieym,None,,,,1,0,1,0
postmanson,False,power outage,South Carolina ,,,,1,1,1,1
TQ1103,False,i dislike tv so much people are soo stupid and gullible the only way to get them to stop watching that garbage is a power outage , California,,,,1,1,1,1
HowarthWass,False, roypentland we have a power outage down here for hours how can that be in this state with so much wind and water,None,,,,1,1,0,0
projectchaosuk,False,went to a private hospital today second time ive visited there last time i just went straight in and got my work done and left but not today this guy goes well he has to fill out paperwork he cant just walk in here its from the government he was having a power trip ,Kent, England.,,,0,0,0,0
_henryc7_,False,just took an l today the power on my street went out amp now i cant take my quiz ,Los Angeles, CA,,,1,1,1,1
lolnydia,False, _erynfelix im so sorry to hear that if it was bc of a power outage call and fight the power company,None,,,,1,1,0,0
HowarthWass,False, realmarklatham we have one big power outage here in tasvtight now place with all this wind and water and we have been in darkness for hours ,None,,,,1,1,1,1
ThatDude_Jayy,False,last day of my day vacation i literally went through a day heatwave power outage and straight days of smoke filled air my first thought after reflecting back was aint that a bitch ,L.A. ,,,,0,1,1,0
STONEDGamerHD,False,big power outage where im at no streamer for me im not sure how long were going to be out,United States,,,,1,1,1,1
imlucasbrown,False,power went out resulting in my save files getting corrupted hows your monday,Orlando, FL,,,1,1,1,1
stmacss,False,thank you to all our parents guardians who rejigged their schedules to arrange for transportation home for cohort a due to todays power outage and early dismissal thank you also to the great staff of st mary who helped navigate more uncharted waters today https t co vtrpqxfi,Hamilton, Ontario, Canada,,1,0,1,0
hydroottawa,False,outage update power is expected to be restored for outage in capital ward by pm ottawaoutage,Ottawa, Canada,,,1,1,0,0
puertoricojoe,False, danthurot loving the mission but most of all congrats on getting power back nothing like the slow descent into madness of a power outage,Philadelphia, PA,,,1,1,1,1
MsJJay,False, citypowerjhb good evening power outage in eldorado park ext area cpweb thank you in advance,South Africa Johannesburg,,,,1,1,1,1
TruDimension13,False,while hunting for a spider that hid behind my pc i noticed that the power cable for my psu on my pc is still loose when i took the pc out it was ok but when i put it back it went off thankfully it works ok but next time im cleaning my pc i am swapping cables ,Hagen, Nordrhein-Westfalen,,,1,1,0,0
bmoney110580,False, foogatwo still waiting for the alien invasion there was a power outage at the gym as well as an earthquake in nj recently thought that mightve been it ,New Jersey,,,,0,0,0,0
UNOIMRITE1,False, qurtob msnbc urocklive democrat children couldnt survive a power outage https t co lzxmsla,Proudly from North Carolina.,,,,0,0,1,0
yamo912002,False, matthewberrytmr i need the game canceled due to anything power outage llama stampede skynet takeover as long as barkley does not take the field only up by in full ppr ,Schaumburg, IL,,,1,1,1,1
essexpowerlines,False,power restored for planned outage in tecumseh https t co memnp,Ontario Canada,,,,1,1,0,0
EntergyMS,False,know how to keep your food safe in the event of an extended power outage our handy checklist covers what you can do before during and after a storm to avoid food loss and reduce the risk of illness https t co ygvicdeghv safety safetyfirst https t co dadfcop,Jackson, Mississippi,,,1,1,0,0
mcfronny,False,hey guys hurricane sally is coming right for my area so i just wanted to say i may go offline in the next few days due to power outage so just in case that happens you know,he/they,,,,0,0,0,0
SLCSocialist,False, i_like_dirt_jam my sister who lives miles south of me didnt experience anything my mom miles north of me had a power outage for a few hours ive heard ogden got hit pretty hard ,United States,,,,1,1,0,0
anishajayy,False,mcmaster really went power outage in the entire hamilton area sorry schools online for the winter oh shit avenues down ahaha mb all in one day,Hamilton, Ontario,,,1,1,0,0
practice_outlaw,False,my son we stayed at grandmas this weekend me why is that son my son mom said her power went out for so long that all the food went bad thought bubble in my head i sure did pick a winner that first time around,None,,,,1,1,0,0
TillamookPud,False, bay city emergency outage power has been restored to the area https t co kaihcgsfnv,None,,,,1,1,1,1
MsJJay,False, citypowerjhb good evening power outage in eldorado park ext and area cpweb thank you in advance,South Africa Johannesburg,,,,1,1,1,1
guccimaIfoy,False,help the power just went out in my house that scared me so much i think i shit myself,hogwarts ‚Ä¢ 20,,,,1,1,1,1
mrutlandpga,False, scturf ha i remember that that was a crazy couple weeks my apartment was out of power for weeks i think i went to the movie theater every night because there was food and power ,None,,,,1,1,0,0
SECOenergy,False, seco members served by our ocala westwood acres feeder are without power crews are en route report your outage check for status updates through storm center https t co yphtypoab,Sumterville, Florida,,,0,0,1,0
YfarmlandF,False,we just published details on updated pools here https t co ggasbfql defi yieldfarming ethereum,world,,,,1,0,1,0
Skye_Nighthawk,False,get your bugout bag ready and put aside some extra treats for the furbabies additionally be sure to take your exams early in case of a poorly placed power outage p hurricanesally canadiansabroad cancgatlanta uah https t co hcqrtl,A warm Canuck in Alabama, USA,,,1,0,0,0
Esha_BoBesha13,False,a whole power outage on a night i have a lot to do kay ,Charlotte, NC,,,1,1,1,1
tohriee,False,ok cool my power just went out so when it comes back on ill go live again but idk when,joseph ‚ô°,,,,1,1,1,1
Babsopey,False, adejokun lerries bbgafrica thanks for the link bro hope youve read it because i just did and theres no emphasis on gov subsidizing power rather on how much power outage is costing the country btw thanks for communicating without resulting to names calling and abuses its rare to find today,Nigeria,,,,1,1,0,0
ATCOElectricYT,False,planned outage notice customers at tutshi dr even only alsek rd odd only teslin rd even only amp mcqueston rd aishihik rd stewart rd all customers please be advised that power will be off sept from am to noon details https t co wgwrzqa,Yukon, Canada,,,0,1,1,0
ashdacoolest,False,the power went out in the middle of my bf taking a shit i had to laugh,Texas, USA,,,1,1,1,1
JonahTuck,False, kaylapernz my pos blew up after the power outage i had someone drive to mississauga to pick up a new one while i did every sale with pen paper and a register key,Hamilton, Ontario,,,1,1,0,0
Cubsfan365,False,major power outage on the east side of lafayette according to police scanner,None,,,,1,1,0,0
LolaOfTheForest,False,the burning of america poweroutage domesticterrorists antifa antifaterrorists antifafires democratsaredestroyingamerica voteredlikeyourlifedependsonit realdonaldtrump wrwy https t co izhkflpaap,Running wild with Wildlife,,,,0,0,1,0
JC1_MSMAGA,False, breaking local news is reporting it could possibly be cat i hope not but even a strong cat is bad where i live anyone along the gulf coast i hope youre hunkered down amp ready please dont let the power be out for more than a day please dont let power outage lst long,Bless yr ‚ù§Ô∏è south‚Äôn beauty RTR,,,,1,1,0,0
DevGenerator,False,restored power has been restored in townoftecumseh affecting customer s for more information please visit https t co sjllszazw thank you for your patience ,None,,,,1,1,0,0
CaltransD2,False,the hillcrest rest area on sr east of montgomery creek shasta county is now open following power outage https t co hlgihnjqr,Redding, California,,,1,0,1,0
Marengo_E911,False,did you know that alabama power has an app that allows you to report power outages and check the status of an outage please consider downloading this app instead of calling to report an outage https t co frmjioqny,None,,,,1,1,0,0
StevenEdwardBe4,False, yayaoregon a power outage feast i like it ,Oregon,,,,1,1,1,1
hydroottawa,False,report power outages and downed power lines using hydro ottawas outage line at ottawaoutage https t co eylpsqxxln,Ottawa, Canada,,,1,1,1,1
Optus,False, designedtofade hey there thanks for getting in touch with us were sorry youre affected by a local power outage im afraid that im unable to provide you with a resolution time at this stage however theyre working on resolving this issue with the highest regard ,Australia,,,,1,1,0,0
tohriee,False, numzyonkeys i was streaming and my power went out and theres an outage until pm ,joseph ‚ô°,,,,1,1,1,1
gwslupe,False,my teachers power went out a winning ,sofia ,,,,1,1,1,1
Kurban_gal,False, lindainchicago what a freaking tool he is let of his precious hotels n casinos burn and itd be a diff story last said was poweroutage last wk votebidenharris,None,,,,1,1,0,0
colourmetae,False,shit not the power in my house went out wtf is going on today,He/Him,,,,1,1,1,1
Andrew_Dowie,False,essex power update power restored for planned outage in tecumseh https t co lvahsqaao,Tecumseh, Ontario, Canada,,1,1,0,0
OroValleyPD,False,power outage in the area of glover road and la cholla due to damaged power lines tep has been called and in route all traffic lights are still functioning poweroutage orovalleypd https t co zfktmhrvy,Oro Valley, AZ,,,1,1,1,1
oxythotinn,False,my power went out mid game im crying,she/her,,,,1,1,1,1
TheGeneratorCa,False, timhortons foodkidshamont ancastervillage dmcmarty generatorteamca timhortons a power outage was the perfect excuse to get out first thing this morning for a smilecookie,Hamilton, Ontario,,,1,1,1,1
CSGreenwoodApts,False,power outages may impact the whole community and may unexpectedly threaten health and safety visit https t co rwuasbpt to learn how to reduce your risk of damage during a power outage ,Greenwood, Indiana,,,1,1,1,1
NickDiPaolo,False,due to a power outage at the studio today the show production is behind todays show will now air at pm est pm pst its a great show so dont miss it https t co bnjoisqusp,Georgia,,,,1,0,1,0
JoleneA19443403,False, gla_hwdsb thank you first day of school started with a power outage and the playground was calm and cool and organized in the morning i got happy kids back at the end of the day absolute superstars you are appreciated https t co jdhwhjvdsi,Hamilton, ON,,,1,0,1,0
Endymion1989,False,the hurricane juked east so i basically have a fridge of beer a day off and little threat of a power outage so yall better just mute operarelated terms because i am going to be drinking miller lite and burning through met opera streams these next couple of nights ,None,,,,1,1,1,1
bigneez62,False, saskpower power outage right now on spadina st moose jaw sept ,None,,,,1,1,1,1
AhmedAHosni,False, saskpower power outage in moose jaw jaw south hill area ,Moose Jaw, SK, Canada,,1,1,1,1
X88B882,False,fyi bladerunner jgem plot talks of a day blackout that destroyed almost all electronic records q ten days darkness post on year delta to power outage on q power outage post scheduled https t co setpgnp https t co rdcaorpdt,üå≤ Oregun üå≤ ,,,,0,0,0,0
NWCjam,False, nwcnewstream the nwc is advising that the issac hole pumping station in st andrew remains out due to persisting power outage in area this outage will result in water supply disruptions to a number of communities served https t co eohkcewqc,Jamaica,,,,1,1,1,1
Swayno6,False,im here like my power never went out for the first time let me hit my friends up tell dem come get a shower,Bermuda,,,,1,1,1,1
naturf4ever,False, firstenergycorp u guys r the worst company in the world another power outage in nj u guys do no maintenance and just suck out of the state i can see why u kept the local utilities name jcpl to hide ur incompetence mayb u can fix it this time without asking me a voltmeter stenerysucks,None,,,,0,0,0,0
GscSavannah,False,generacs guardian series generators provide the automatic backup power you need to protect your home and family during a power outage https t co wvfbblqu https t co hxdaxpwbp,Savannah, GA,,,1,1,1,1
Melin_CBS,False, breaking over people across lafayettes north and east sides are stuck without power right now according to duke energys website the outage was caused by an object coming into contact with our power lines https t co nuixvbp,Indiana, USA,,,1,1,0,0
kgun9,False,power outage thousands are without power due to damaged power lines at glover road and la cholla boulevard in oro valley according to a tweet from oro valley police department https t co ulsaflhb,Tucson, AZ,,,1,1,0,0
whatsuptucson,False, orovalleypd the culprit for this power outage a woodpecker,Tucson, Arizona,,,1,1,0,0
Avidbooknerd,False, saskpower thanks for doing it later i have a type one diabetic that needs to eat at and you shut power off as i start supper this is bull you guys claimed the outage to be from but then change it and cut power after this is irresponsible and ridiculous ,Moose Jaw, Saskatchewan,,,0,0,0,0
aedcelectricity,False, ed_pius nercng hello we are aware of the power outage affecting your area it is due to a technical fault we regret the inconvenience caused by this and appeal for your patience while we work to restore supply to your area please bear with us ,Wuse Zone 4, Abuja, Nigeria,,1,1,0,0
Shwaaan_,False,my power went out how much did we lose by https t co rjxjhbwrv,Chicago, IL,,,1,1,1,1
SpencerMJHewins,False, narukami_music dasdrummers dudeitsaduck jakeskics ohaaiii _hellyg royaldemise xpcs good thing my power went out for the sake of the content ,Canada,ON,,,1,1,0,0
WLFI,False,large power outage hits north and east side of lafayette https t co jsbixxxxs,West Lafayette, IN,,,1,1,0,0
Johnknight111,False, ryanjosephhart in hots online tournaments i make it a team policy to never accept minutes or longer unless it is an unavoidable issue power outage and to always just accept last minute subs ,California, USA,,,1,1,1,1
ststerling,False,it was just a little too close to home i went back to my very sad sro hotel spot in santa monica sat on the bed and thought about it then i drank a sixpack of beer and passed out listening to the stooges raw power detroit,Los Angeles, CA,,,0,0,1,0
cat_alexius,False,so the power went out in lowes today and tell me why my first instinct was to immediately wrap my body around my moms just in case it was a shooter while i drug her to the exit gotta love america ,North Carolina, USA,,,1,1,0,0
cborgione,False,https t co qlluuhgv,Los Angeles ,,,,1,0,1,0
reyes_abbs,False,the minute i tried to be productive and call school theyre having a power outage ,None,,,,1,1,1,1
maxkeiser,False, nydxyz stacyherbert in such instances as a power outage your wealth secured on bitcoin is the only secure wealth you own that cannot be confiscated all other forms of wealth will be at risk ,None,,,,1,1,0,0
Judy5cents,False, startrek cant remember the line exactly but when keiko obrien went into labor during a power outage and worf was the only one to deliver the baby he said the hologram simulation was far more orderly than this ,Wilmington NC,,,,1,1,1,1
GlassHouseSoul2,False,of course the power outage begins just when supper should be getting prepped i see sandwiches in our future https t co lsngikzv,Nunya,,,,1,1,1,1
mickiedances,False, mary realdonaldtrump elfinmirror acres are federally owned https t co mzrkkd,None,,,,0,0,1,0
mickiedances,False,https t co mzrkkd,None,,,,1,0,1,0
nydxyz,False, maxkeiser stacyherbert i wasnt taking about a temporary power outage but a permanent absence of electricity ,Ireland,,,,1,1,1,1
Flowz_aka_imex,False, consecutive days of power outage this aint funny at all ,PH,,,,1,1,1,1
ciniamoon,False,luh paano kung may power outage grabe ramdam ko yung anxiety kung matapat na may exams tapos moodle pa paano yung sinasabi nila na device at once kaya ba ng phone yon,None,,,,1,1,1,1
SaskPower,False, pm update outage affecting customers in riverhurst central butte and all surrounding rural areas all power has been restored thanks for you patience skoutage,Saskatchewan, Canada,,,0,1,0,0
bmorelikejayyy,False,i already got my excuse for missing online school everytime it rains imma say the power went out,Baltimore, MD,,,1,1,1,1
jconline,False,more than customers were without power northern and eastern parts of lafayette early monday evening lafayette police said traffic signals on several major city roads were out https t co puraivrdce,Lafayette, Indiana,,,0,0,0,0
ghostbane,False,so i got a power outage mid stream,Online,,,,1,1,1,1
herooftimex3ds,False,i am sick and tired of power outage it pissed me off ,Vega Baja, Puerto Rico,,,1,1,1,1
HopElectric,False,please share we have a planned power outage for tuesday beginning at am impacting portions of moseley drive calvin drive clarence drive jan drive amp parkview drive find details and the full area impacted during the planned outage https t co ehukptshh https t co cwholwrfyt,Hopkinsville, KY,,,1,1,0,0
hydroottawa,False,outage update power is expected to be restored for outage in capital ward by pm ottawaoutage,Ottawa, Canada,,,1,1,0,0
NicoleNltate,False, _jeanniesays_ we have plenty plus a generator in case of power outage thanks for the love ,Pensacola, Florida,,,1,1,0,0
OrangySquiddy,False,dont you love it when your power is out yet youre expected to be in class on time fun cant use my pc my laptop and phone is low on battery class is already started im really late power outage is not an excuse ,Los Angeles, CA,,,1,1,0,0
mrspmparkinson,False,tomorrow marks week without power my neighbors all have power restored which tells me we are an outlier on my street we are probably at the bottom of the repair queue and thats okay utwx poweroutage https t co uijqhhstx,Salt Lake City,UT,,,1,1,0,0
koosmirk,False,if i suddenly disappear its bc we had a power outage lmao,Â•≥„ÅÆÂ≠ê,,,,1,1,1,1
PinkDandere,False,power outage fuuuuck idk if the school work i was doing saved,None,,,,1,1,1,1
Sassy_Brit,False,diary of a power outage https t co zzllzgfsj,CAMBRIDGE, UK,,,1,1,1,1
NikkoAwol,False,february th ravens vs ers at in rd quarter power outage,2000 BC,,,,1,1,1,1
2ndharvest,False,if you get calfresh and a wildfire or power outage caused you to lose food that you purchased with calfresh in san mateo county you can request replacement benefits through your local county social service office need more help call us at https t co tosaupddwo,Silicon Valley California,,,,1,1,0,0
lightbottling,False, bretweinstein what if this actually happened and there was a massive internet outage and or power outage ,Your mom's house,,,,0,0,1,0
Trigguhrr,False, purjinqs fuck well i guess my power just went out ill lyk when its back,OH,,,,0,0,1,0
lacunosaa,False,oh my fucking god i didnt know about a quiz i was supposed to write today but it got delayed to tomorrow bc there was a power outage thank u power outage,please read carrd byf!! ,,,,1,1,1,1
mokey2468,False, carlargila hello professor argila my power went out in my hse along with my wifi so i dont know when the power is going to get back on sorry for sending you this message during class ,None,,,,0,0,0,0
GLlTTERG0RE,False,superrrr shitty sfm power outage thing i made so glad the last part cut off the jumpscare was so bad https t co umtsxbkmw,Home of sexuals,,,,1,1,1,1
OrangySquiddy,False,who knew a power outage can cause damage to your grade https t co gbppcwkixv,Los Angeles, CA,,,1,1,1,1
RadioKPlaylist,False,free radicals look at that feat dology white power outage ,Radio K - Real College Rado,,,,0,0,1,0
Lovee_Ninaax3,False,power went out in the kitchen my mom amp i looked at each other like whos taking the l to go down in the basement https t co lkkzvljzg,New York ,,,,1,1,1,1
Sherwood_HWDSB,False,great start for our amp cohort a students despite a power outage tomorrow we look forward to meeting our grade amp cohort bs attestations must be doneline up at the door assigned to your block home room have your parents tell us if you are going home for remote learning ,Hamilton ON,,,,1,0,1,0
MeadowlakeNow,False,planned overnight power outage in northern communities https t co ficzj https t co rdfacfgm,Meadow Lake, Saskatchewan,,,0,1,1,0
saskatchewanNOW,False,planned overnight power outage in northern communities https t co adscggbyq https t co bgpwagrdnc,Saskatchewan, Canada,,,0,1,0,0
princealbertnow,False,planned overnight power outage in northern communities https t co fthawxhqt https t co jmipovjzc,Prince Albert, Saskatchewan,,,0,1,1,0
larongenow,False,planned overnight power outage in northern communities https t co avnxgor https t co okqesr,None,,,,0,1,1,0
PuntingBaron,False,six hour power outage in lockdown is about as grim as it gets added to the fact internet amp phone reception is ordinary coz portarlington still working off telephone poles from the s and it is real grim at least dan might open the pub here ,Melbourne,,,,0,0,0,0
birdisthewyrd,False,my team leader sent a text to all of us to let us know theres been a power outage at the office so when we try to remote in in the morning there might be issues care to guess how many times everyone has responded to all on the text kill me now,Normal, IL,,,0,0,1,0
HallCorinne8,False,how much you wanna bet my prof wont extend my assignment bc my power went out,None,,,,1,1,1,1
dmepower,False,dme is aware of a power outage that includes w oak st and w oak st ,Denton, Texas,,,1,1,0,0
BreakfaztBeers,False,they kids stayed over with my sister in law saturday night for our anniversary wanted to know why there were so many candles in our bedroom when he came home i said the power went out he bought it adds thinks quick on feet to resume ,United States,,,,0,0,0,0
ScottsvilleTown,False,hope everyone is okay after that power outage across town the outage was long enough to cancel our town council work session after about minutes the regular business meeting will be as normal next monday at pm ,Scottsville, Virginia,,,1,1,1,1
LaichItIs,False, beccamvp arihoopswagner power outage is the new dog ate my homework,None,,,,1,1,0,0
DecaTilde,False,i couldnt watch the season premieres of wheeloffortune or jeopardy today because xfinity in campbellsville ky has been having problems since this afternoon some day this turned out to be poweroutage,None,,,,1,0,1,0
AllStarwaffler,False,power outage on the way ,Monaco , france,,,1,1,1,1
beepity_beep,False, zeusxservices wait shoot i cant friend you right now my rooms power went out ,None,,,,1,1,1,1
WestdaleSS,False,great start for our amp cohort a students despite a power outage tomorrow we look forward to meeting our grade amp cohort bs attestations must be doneline up at the door assigned to your block home room have your parents tell us if you are going home for remote learning ,Hamilton, ON,,,1,0,1,0
kasxkaye,False,my power went out and i spilled my ramen on my desk what in gods green earth is happening,None,,,,1,1,1,1
junyoungie_s,False,yk what my luck is i had a power outage and an internet outage as soon as i began my exam d,None,,,,0,0,0,0
jojithclaire,False, bchydro no more updates after ey https t co sltjpskdlo,BC,,,,1,1,1,1
MetroBoomer23,False, daxidngyn unlucku_ zephyraio bro my power went out at the exact moment this dropped you gotta fucking kidding me,None,,,,0,0,1,0
MetroBoomer23,False, daxidngyn unlucku_ bro my power went out at the exact moment this dropped you gotta fucking kidding me,None,,,,0,0,1,0
MetroBoomer23,False, unlucku_ bro my power went out at the exact moment this dropped you gotta fucking kidding me,None,,,,0,0,1,0
SaskPower,False, pm update outage affecting customers in the morse herbert and surrounding rural areas crews are on site due to an accident power will be restored approx pm skoutage,Saskatchewan, Canada,,,1,1,1,1
HReed_,False, nearlycharles lost the other piece of my post thanks to power outage oh well you got the idea im a feminist because i stand by all women males cannot be women they have never understood us and never will you ask for our death when you fight for their invasion and our silence ,Cthulu's Folds, Oklahoma,,,1,1,0,0
TinaDucote,False, juliansrum that would be me on the ms coast honestly just dreading the inevitable power outage uggghh,None,,,,1,1,1,1
bsblgrl,False,my power just went out ,California, USA,,,1,1,1,1
belizemedia,False,belize electricity limited announces planned power outage for caye caulker https t co yurwkrvxo,Belize, Central America,,,1,1,0,0
bigbearscanner,False,vegetation fire in yucaipa scm big bear is experiencing what appears to be a valley wide power outage https t co zqnugwglq https t co bgoigsoc,Big Bear Lake, CA,,,1,1,1,1
GregWhite32,False,true story the power went out at our school during brookhoops clinic at the arbcacontactar he was sharing such great stuff i switched over to my phone to finish rob is a great teacher of the game https t co otzzip,NW Arkansas,,,,1,1,1,1
doomalert19,False, climatechange covid the enemys aim is deception christ warns a major poweroutage will be caused by the sun amp other plagues the internet will go out world wide most of the countries of the world are actively preparing for https t co acleqxfdf,San Diego, CA,,,0,0,0,0
DrewSixSix,False,power outage in bigbear bigbearlake,None,,,,1,1,0,0
TeAmoKristina,False, mayorofla native californian here want a fail proof power outage solution in november flip the switch and turn california red the democrats have had enough time and all theyve proven is that they are not for the people,None,,,,1,1,0,0
CHCHNews,False,over homes and businesses were without power this morning in hamilton some schools were dismissed before lunchtime because of the outage botelhok reports hamont school watch https t co qiidul https t co nkziqemf,Hamilton, ON,,,1,1,0,0
haloshade,False,my fiancees power went out might be because of the fire nearby im worried sick ,on the ceiling,,,,1,1,0,0
factsanity,False, petersjostedt firs_in iamsean fear i mean yeah i guess im afraid people in developing countries will have unreliable power at the demand of us in developed countries who do not suffer such consequences a power outage can do more harm in areas with less structural safety nets ,None,,,,0,0,1,0
MewMewMadness,False, proxima i tried listening to the audiobook of state and rev and got only like min in before my power went out kekw,hunched over drawing. sorta,,,,1,1,1,1
dankbaker,False,an hour ago i heard a loud pop and my power went out i think the capacitor on the electric poll blew up ,Timonium,,,,1,1,1,1
hydroottawa,False,reporting an outage helps crews pinpoint the cause call to report if your power is out ottawaoutage https t co pfayhqmco,Ottawa, Canada,,,1,1,0,0
joyssock,False,damn my power just went out this is what i get for not listening to red velvet all day,She/her,,,,1,1,0,0
TheParaFlyer,False,im a man of my word amongus twitch i was not able to stream at this time due to a power outage so this clip is from nomercymarcies stream check her out at https t co ryxurmdhh https t co honkzcdoz,Kingdom of Arendelle,,,,0,0,1,0
sadstrawberryy,False,the ht ghost likes the spooky podcast ive been listening to and wanted to say hey with a quick power outage ,k ‚ô°,,,,1,1,0,0
ScorpDK,False,in other news i just return from the daily hour power outage which supposedly will start to become longer now that the island is running dangerously low on fuel thanks to us sanctions maduro doesnt care hell probably be still in power after the little people perished ,Nueva Esparta, Venezuela,,,1,1,0,0
bloodsvgarr,False,god yesterday my power went out and then my water went out today im taping my trunk shut so hopefully no one breaks into my car until i can get it fixed i hate being alive,AO3: bloodsvgarr,,,,1,1,1,1
IamTheTRUTH_201,False,power outage at walmart bayonne ,Jersey City, NJ,,,1,1,0,0
Weav3r,False, busybooklife katynotie i want the power outage just long enough to justify the generator i bought years ago and still havent had to use lol,Dartmouth, Nova Scotia,,,1,1,1,1
missnic2,False, mrjarbenne given today started with a power outage this tweet gave me a wellneeded laugh,Hamilton, Ontario, Canada,,1,1,1,1
hazzacherries,False,fuckkkkk my power just went out and i was about to get into the shower,under the canyon moon ,,,,1,1,1,1
Pennywise1701,False,random thought j have to say because its killing my brain but after picking my brother up today we pulled out of the school real quick and almost went into the back of a bus then driving to the shop and we floor it onto the roundabout and just power slide like fuck almost,None,,,,1,1,1,1
victoriaw330,False,was there a scheduled power outage or whats up,VA,,,,1,1,1,1
hydroottawa,False,restored power has been restored for the outage in capital ward thanks for your patience ottcity shawnmenard,Ottawa, Canada,,,1,1,0,0
FREO2_AU,False,pneumonia is a leading cause of death in children worldwide but in remote communities access to oxygentreatment is limited we believe that every health facility must have oxygen thats why we developed revolutionary technology that provides oxygen during a power outage https t co haghyavfn,Australia - Uganda,,,,0,0,0,0
StaticBursts,False, bakadeww my power just went out im sad,hell || pfp: russa ||,,,,1,1,1,1
straTWEETgo,False, headandtheheart a power outage though gorgeous drumset t,Richmond, VA,,,1,1,1,1
ewheeelz,False,omfg my power just went out why couldnt this happen in the middle of my work day,None,,,,1,1,1,1
CL0SIN,False,no way my power went out and i lost all my map progress ,None,,,,1,1,1,1
Melissybk,False,power outage on my block super awesome my clothes were still in the dryer ,Chicago, IL,,,1,1,1,1
StaticBursts,False, technopianes me too my power just went out,hell || pfp: russa ||,,,,1,1,1,1
VadiannaVadian,False,my power just went out guess im switching to my phone ,Midwest USA,,,,0,0,1,0
flesz,False,wow power outage is a lot of neighborhood north side abcchicago nbcchicago ravenswood,owner Mobilewavefilms.com,,,,1,1,0,0
JoraBoraNSFW,False,that awkward feeling where you were basically productive in literally everything today except art todays been a weird ass day tho power went out in the halls laundry room while my stuff was in the dryer and didnt come back till like hours later,Wisconsin, USA,,,1,1,0,0
catsonarug,False,went to starbees and the power is out went to the library and their closed on mondays now im just sitting in my incredibly hot and dark house under the blood sun https t co smrnjdnq,San Francisco, CA,,,1,1,1,1
doomalert19,False, poweroutage alcyone pleiades mother tynnetta teaches why are the scientists focusing attention on our central star the sun and her terrific solarflares measuring its effect conjunction with our earths orbit around her where https t co bhdws,San Diego, CA,,,0,0,1,0
skayasiberian,False,candlelit dinner tonight since weve got a poweroutage dog dogsoftwitter husky https t co rrhzqacymt,None,,,,0,0,1,0
doomalert19,False, emp solarflare poweroutage mother tynnetta warns days of darkness no sunlight the most honorable elijah muhammad taught us that such solareruption and other cosmic phenomenon would take place in this time of the final judgment of https t co nmiyzqr,San Diego, CA,,,0,1,1,0
Marisela_125,False,i love how my data works perfectly all day and decides not to work as soon as my neighborhood has a power outage,None,,,,1,1,0,0
itsharrypoppers,False, comed power outage chicago,None,,,,1,1,1,1
lambstiel,False,my power just went out like the whole block and it scared the shit out of me,hell,,,,1,1,1,1
luvkinzi,False,my power just went out ,Chicago, IL,,,1,1,1,1
maslowbeer,False, wyzecam there was a power outage which would have turned off router wifi and outdoor cam base station everything is back online but the outdoor cameras are all offline and i cannot connect to them was this common edge case not tested,Santa Monica, CA,,,0,0,1,0
texasneff,False,not my power went out lol i hate phase ,None,,,,1,1,1,1
Roseuskun,False,theres a power outage in the wholeass neighborhood nvm its back,Do you really want to know?,,,,1,1,1,1
pdxjerk,False, q_galt im evacuated and we knew fires would be started by +mph winds on labor day because pge scheduled a power outage to help prevent even more fires liar traitor go back to bed,United States,,,,1,1,0,0
JoanCat6,False, realjameswoods when was the last power outage lets see there was power outages in the hottest week in the history of the state why global warming jimmy i used to think you were smart but youre just a lying coward like trump when trump said grab them by the pussy who knew it was you https t co ptadfvlmnu,United States,,,,0,0,0,0
sassalley96,False,yayayayay my power went out at today and wont be back on until in the morning i mean hopefully since it was supposed to be on at and then ,None,,,,1,1,1,1
VINTAGEVALKRYIE,False,my power just went out for an hour i hate it here,sivako! | minor,,,,1,1,0,0
IMNCanada,False,this is the strangest reason supplied thus far for a virtual school opening delay the power outage did happen however https t co ixcgpuk,Hamilton, Ontario,,,1,1,0,0
matti_rattata,False,i just remembered something tomorrow i will have a scheduled power outage for most of the day am to pm might make streaming a bit of a nogo depending on if we get power on time ,Qu√©bec, Canada,,,1,1,1,1
rep_am,False,outage in woodbury affects distance learning woodbury a large tree along transylvania road took down several primary lines sunday night causing widespread power outages and a loss of wireless internet vital for those working from home or distance https t co svfxhnadq https t co pkycbyxa,Waterbury, CT,,,0,0,0,0
modhomati,False, marklevinshow politics is extreme hot like california wild fire hope not power outage every where worry about pandemic amp election too want to be safe https t co ixzskjrb,None,,,,0,0,1,0
sonofkrypton83,False,the power went out in my building and all i could think was oh god does this mean i have to talk to my fucking neighbors just to let you know where im at with ,Chicago, IL,,,1,1,1,1
Anairinp,False,termine toda mi tareaaa con todo y power outage gracias a dios ,Somewhere eating sushi üç£,,,,1,1,1,1
tasmandc,False,there is a power outage in murchison so our murchison office is closed until the power is back on thank you for your understanding ,Tasman, New Zealand,,,1,1,0,0
JamesLe69338171,False,power outage delays opening of butler institute of american arts new exhibit via wkbn first news https t co tmwyohl,Youngstown, OH,,,1,1,1,1
BigDaddycroc1,False,sorry i havent been on today my power went out it should be on tomorrow im staying at my friends unstill then,None,,,,1,1,0,0
JamesLe69338171,False,power restored in downtown youngstown via wkbn first news https t co sffqwkzf,Youngstown, OH,,,1,1,1,1
nazgul,False, michaeljcoffey i may look at wiring something for backup power for the house if i could turn on power for the well and septic then we could deal better with the occasional power outage usually downed trees but its not a huge priority ,Washington State,,,,1,1,0,0
not_edgar_allan,False,a power outage during the first orgo test of the semester that knocks the wifi out for hours didnt have that on bingo ,None,,,,0,0,1,0
shanband,False,power went out is this a sign from god that i should take care of my mental health and stop watching this game,None,,,,1,1,0,0
matty_zaddy,False,the power in my entire neighborhood went out for a half hour tonight and in a city like chicago it is so eerie when it happens,Chicago, IL,,,1,1,0,0
markcwalsh,False,the power went out in my apartment and im all alone i said bloody mary in the mirror times just so i could have someone to talk to ,Chicago,,,,1,1,1,1
banignig,False,yall ever miss bathrooms in clubs like do not underestimate the power that drunk girls club bathrooms posses i went in that shit feeling crusty bec some dude creepy clingy and i went out feeling like a bad hoe reassured that they got my back theyd jump his ass for me ,None,,,,0,1,0,0
joeyculobot,False,the power just went out at my house not sure why but im usually a bard in most fantasy scenarios and i am now jowy,Cyberspace, USA,,,1,1,1,1
TheMinusWorld_,False,for an upcoming podcast tetras audio was mostly lost due to a power outage but we are attempting to salvage this anyway this might be the best and worst thing weve done https t co lbibpqs,None,,,,1,1,0,0
Gangstanapper,False,i dont ever want to move i know where all the walls are during a power outage now,Nor Cal,,,,1,1,1,1
comic_shill2004,False,had a quick power outage ,Isla Nublar,,,,1,1,1,1
swasko,False,i forgot all my mustard was lost in the power outage ,Chicago, Ill.,,,1,1,1,1
Silber_Lining,False,info on the current power outage in lakeview https t co wimicwwcqm,Chicago, IL,,,1,1,1,1
ashvinlad,False,my apartment right now thanks to a power outage on the block hello comed https t co qtejxnvrzp,Chicago,,,,1,1,1,1
MadiTozier,False,commonwealth edison power outage gang,purgatory,,,,1,1,1,1
keepinupwitDE_,False,damn power went out while i was in the shower i bout bust my ass tryna get out ,850,,,,1,1,0,0
swanlam,False, lysinettegfs u know what my power went out today for a bit lol,Canada,,,,1,1,0,0
keepinupwitDE_,False,power went out while i was washing my face in the shower i almost bust my ass tryna get out ,850,,,,1,1,0,0
Paulie3323,False,power outage in chicago east of southport between belmont and addison ,Chicago, IL,,,1,1,1,1
dvmonico,False,the last thing today needed was a power outage,CHICAGO,,,,1,1,1,1
DavidMo66984563,False, pricewallace wlbt hey they teach science in high school over the past century california has warmed by about degrees fahrenheit more than the global average of about one degree fahrenheit https t co fupyimdbet,None,,,,0,0,0,0
sadboysoda,False, sadboybrai yea but my power just went out,None,,,,1,1,1,1
_amandareyes,False,turns out the power outage was caused by someone crashing into a pole which made it to the news,Melbourne, Australia,,,1,1,1,1
doddandrew2,False, comed power outage in lakeview in chicago located on the block of roscoe,Chicago, IL,,,1,1,1,1
TomTheTwunk,False, ironladnate and thank you nate how are you we never did finish my tutorial about that video game you came over to play i hate that the power went out conveniently before we had a chance to get into it ,None,,,,1,1,1,1
ProudVan,False, howardwerten fat donnie clearly losing the election amp refusing to leave that keeps me up at night a video of fat donnie leaked by russia which shows him naked a nationwide power outage on orchestrated by fat donnie north korea shoots a nuclear missile at us probably on ,Chicago,,,,1,1,1,1
namublunt,False,my power went out plug on the way battery laptop mins away from dying this awful,21. she/her.,,,,1,1,1,1
kpham0301,False, katazumaki frrr and shes over here blaming us when the only time was when my power went out https t co qanjcmaj,Los Angeles, CA,,,1,1,1,1
staceynrockwell,False,just read about a power outage on the dumb neighbors app and decided to look out the window and i can definitely see a large area of darkness and it gives me this weird sense of guilt as though i did something to cause it ,Chicago, IL,,,1,1,1,1
CoachMickyD,False,am the school pract classes after school weights pm out the class almost went home but remembered my goals mrytlmi runsprint drills plyosxm accelweights x bench bbell curl trap bar dl power press bent over row skull crushers https t co zvmduijpv,Conroe, TX,,,1,1,0,0
MubarakIndia,False, bsesdelhi there is no power since hour in j block new seelampur spoke to call centre but they are unaware it even app is showing no outage isnt a situation of delhi years back bcz it is regularly happening in our area these days ,New Delhi,,,,0,0,0,0
Matthew4300,False,we have no time to waste the next heat wave the next power outage the next lightning storm the diablo winds are all coming the reckoning with the insurance industry looms lets get the legislature back for a special session lock the door from the outside until they act ,Richmond, CA,,,1,1,0,0
KenyaPower_Care,False, charles hello please confirm if it is power outage or new connection kt,Stima Plaza, Nairobi, Kenya,,1,1,0,0
brew_york,False,well it took breweries before i visited one and a power outage happened ,New York, NY,,,1,1,1,1
ikeaklubben,False,i passed out with a bottle of water in my hand and managed to pour the water into some kind of a extension plug it made a loud ass crackling sound and caused a power outage woo if that doesnt describe how my lifes going i dont know what,Any pronouns???,,,,0,1,0,0
rainbowwires,False,im going to cause a major power outage brb,None,,,,1,1,1,1
Peachyladee,False, bethmoorelpm larryboatright i just laughed out loud remembering the power outage in atlanta years ago when you came up to speak at phillips arena you were sure it was because the lpm attendees were blowdrying their hair at the same time ,Global,,,,1,1,0,0
I0s3rbaby,False,bruh im in seaside rn and as soon as we pull into town the entire town goes dark theres a massive power outage none of the traffic lights work even,she/her,,,,1,1,1,1
GulfPower,False,with hurricane sally approaching the gulf coast now is a great time to download the gulf power app its an easy way to get the latest information report an outage and access your account sally https t co wixitmxbn,Pensacola, Florida,,,1,1,0,0
readus1234,False, xcelenergyco we got a power outage on east security place and east security way please come out and fix this,None,,,,1,1,1,1
GalaxyGamer555,False, bandainamcous my power went out mid match earlier its been storming in florida like everyday i logged back on mid maintenance so went offline and it said something didnt match now after the server is back up i lost my zeni zstamps lobby characters and both the blue vegetagoku,None,,,,1,1,0,0
LordsPrayer6,False, cordisbored amie_marie lisaportillo zombiegirl pander_bear langis dawholagn lafromliny sphinxharpie andeaten omar_syrinx i think her power went out this hurricane is passing through her city right now i got hit last night and knocked my power off for an hour the winds are around mph,Hell and Back,,,,1,1,0,0
I0s3rbaby,False,dude my luck is ass my town was at fire risk with hazardous air quality so my mom and i go to the coast and now theres a massive power outage and were without power,she/her,,,,1,1,1,1
sarah_laneeee,False, alex_albrecht uhhhh i was awake and did not notice a power outage,None,,,,1,1,0,0
arxyn2201,False,imagine watching a horror movie at night alone the climax builds up and suddenly theres a power outage ,India,,,,1,1,1,1
CrowBro,False, oregonian the north oregon coast is experiencing a power outage since about people there are wondering why ,Portland Oregon,,,,1,1,0,0
beijaflor777,False,power outage in rockawaybeach anyone have an update from tillamookpud,Oregon,,,,1,1,1,1
WeGoBirding,False,another power outage on the oregon coast this is a heck of a week https t co zvurapfixa,Cannon Beach, Oregon,,,1,0,0,0
PacificPower_OR,False,we are aware of a large power outage impacting customers in archecape cannon beach gearhart seaside tolovana park and warrenton or the cause of the outage is a transmission interruption estimated time of restoration is pm to report you outage text out to ,Portland, Oregon,,,1,1,0,0
OFPERILOUSPOWER,False, darkness pure amp utter darkness this wasnt a good sign especially for audrey having to wander alone when she traveled around the studio it could have been the ink demon that caused the power outage if it was then that means she is really in trouble now + + ,None,,,,1,1,0,0
TillamookPud,False,outage garibaldimanzanita pacificorp transmission line down crew is responding to switch amp restore power restore time est unknown ,None,,,,1,1,1,1
hyenatown,False,power outage,None,,,,1,1,1,1
Ready_Northwest,False, alteredhearts tillamookpud i got this notice tillamook pud outage garibaldimanzanita pacificorp transmission line down crew is responding to switch amp restore power restore time est unknown ,Beaverton, OR,,,1,1,1,1
ElonPosting,False,storm watch was active for hundreds of powerwall customers this weekend as a result of red flag fire warnings in california and we will continue to activate it whenever there advance awareness of a potential power outage or physical danger ,None,,,,0,0,1,0
michellemccann,False,i love how my alarm system wont let me just sleep through a power outage but must beep at me in angry panic ,Truro, Nova Scotia,,,1,1,0,0
Gambitronic,False,damn you power outage i was trying to cook a poutine,Truro,Nova Scotia,Canada,,1,1,1,1
MurphyBoston77,False, pastahnak thats not really a real question in when the bruins were in the cup final my power went out so i drove around in my car listening to game on the radio til it came back,None,,,,1,1,1,1
JoEllenNotte,False,the power went out so now my boyfriend is reading poetry to the dog on one hand its adorable on the other hand i just thought oh so this is how our relationship ends,joellen@redheadbedhead.com,,,,1,1,1,1
Diceyboi00,False,so the power just went out how the absolute fuck its not just my streat is all of downtown ,None,,,,1,1,1,1
sandman_pcb,False, mattabbott whitleyweather i also remember after jason said that my power went off which would last days and talking to my dad rip hours later and said ivan has turned east cell phones then not like they are now lol my only info was from out of state that were watching,Worlds Most Beautiful Beaches,,,,1,1,0,0
1playsports,False, the thai fa will decide on wednesday whether port fc will be punished for a power outage during the game vs police tero one of the rules regarding the matter states that if a power outage lasts at least one hour the home team could be punished with a loss thaileague https t co cpysxucrc,Asia,,,,1,1,0,0
JdVVNLCCare,False, lovishpatel dear consumer according to our concern department due to some maintenance work there is an planned power outage in your area supply will restore around am team jdvvnl,Jodhpur,,,,1,1,0,0
KingValourTV,False,well then i guess i have good timing power went out right after i ended my stream ,Ohio, USA,,,0,0,1,0
changeItBlr,False, mvvnl mvvnlakbarpur ptshrikant dvvnlmd mdpvvnl md_puvvnl mdmvvnl cmofficeup uppcllko mduppcl uppclchairman bjpup bjpindia pmoindia incometaxindia upgovt aamaadmiparty power outage again am for hrs in office bworking hours are you guys alive pls action on it ,None,,,,0,0,1,0
GnrtnmArt,False,aimii stood still in the darkness wondering why she didnt get an avr for her pc so she can still have a chance to save her work in case of a random power outage https t co zmgbllq,None,,,,1,1,1,1
JenPallante,False, setsune_w our installation manager roofing and siding suggested we plug the generator into the outlet it was powering to charge during an outage i went over it with him well the generator is about to fail yes and that plug has power please dont ,New Jersey, USA,,,0,1,0,0
travis6284,False, seanhannity reporters answer the questions joe joe oh darn looks like we have a power outage https t co psnyooxy,None,,,,1,1,1,1
PDragonink,False,my connection to the light has broken my power went out but do you fuck with the dark bungie destinythegame donttakemysword https t co olkpugpxy,The Moon Palace,,,,1,1,1,1
e_newsUS,False,first day of school cut short due to power outage https t co hxvnhovn,United States,,,,1,1,1,1
JdVVNLCCare,False, kkvermaji rajcmo jdvvnl dear consumer according to our concern department due to some maintenance work there is an planned power outage in your area supply will restore around pm team jdvvnl,Jodhpur,,,,1,1,0,0
diane15501,False, sketchergal oh boy mine did about hours ago and then the power went out im still sitting here in the dark not sure what happened fires in southern california have been brutal this week hazardous air and now no power in my community life is a biatche,California, USA,,,1,1,0,0
agcia87,False, jennycohn cnnpolitics so what happens if there is a power outage during voting,California, USA,,,1,1,0,0
Elisababble,False,random power outage vibes https t co qtkynpdcz,Nova Scotia, Canada,,,1,1,1,1
hoops_kiwi,False, rcbfansofficial sunrisers rcbtweets imvkohli parthiv ipl aaronfinch joshphilippe devdpd kohli and finch poweroutage,None,,,,1,1,1,1
_alexstefanelli,False,around cankle_man n i were chillin at the crib and the power went out got a notification it wouldnt be back till ish so we hit the links well ben hit the links and i hit the record button on my camera had some fun playin around w this footage https t co eymszif,None,,,,1,1,1,1
seanmccabe,False, vodafonenz restoration time for services in wainuiomata which according to your support team there is no outage at which myself and someone several streets away with no power will confirm is not true,Upper Hutt, New Zealand,,,1,1,0,0
RareDespair,False,help i was playing a game and just got done fighting a big thing and my power went out ,Cynthia, Mandy, Jared, Miguel ,1,1,1,1
MarlonCDrake,False,power outage at vicuniwgtn always knew grant would be the flatmate who forgets to pay power,New Zealand,,,,1,1,1,1
hyenatown,False,power outage but clear sky that means staaaarssss wowie ,None,,,,1,1,1,1
ayejscott,False,dawg my power just went out,bay area | dallas,,,,1,1,1,1
FelineFine999,False, blckcatblcksky took them out because im dumb and didnt know what they were put them back went out for a walk one disappeared on me and ive had no power in my room for a month decided fuck it put together a replacement with electric tape because i couldnt find a replacement online ,None,,,,1,1,0,0
sk_indian_real,False, msedcl msedcl_sangvi cmdmsedcl please look in to this even yesterday night today morning the same issue power outage for hours goi_meity minofpower https t co xloincpns,India,,,,1,1,1,1
vodafoneNZ,False, seanmccabe hi sean is this a power outage or broadband service outage bt,Auckland, New Zealand,,,1,1,0,0
WgtnCC,False,wellington electricity have advised there is a power outage affecting much of the central city we are arranging for a temporary power supply to the location please take care and we will share updates as they come https t co pkaouuu,Wellington, New Zealand,,,0,0,0,0
lucio_picciano,False, cahiggins iann_van last time i checked it was k for the pw batt only you want me to do the calcs for you on how long that will power your house in an almost non existent multi day outage less than a day instead when power goes save your money and take your family on a luxury vacation,None,,,,0,0,0,0
rajeshmachha,False, sevasaivirar power outage in virar west officeofut narendramodi rahulgandhi cmdmsedcl pls note this is happening almost everyday now ,None,,,,1,1,0,0
CityPowerJhb,False, herandien morning we apologise for the prolonged outage and inconvenience caused technicians are doing all they can to restore power asap nn,40 Heronmere Road, 2016 ,,,1,1,0,0
SpaceGoatGuy,False,alright im going to bed we had a power outage yesterday sunday that lasted almost all day long a fuse blew when the power came back and we couldnt change it until today in the morning so i didnt sleep well and im all stressed out s good night yall ,None,,,,1,1,1,1
chauhan188111,False, jdvvnlccare team power has down in h no gali no behind blue city indane gas agency vidhya nagar why power has been down update me when light will resume why power outage in day and night why your team fix this problem permanently please update when light will resume,Paota, Jodhpur,,,1,1,1,1
AakashGadigota,False, myjpsonline can u please confirm if any power outage in victoria mutual building duke street kingston,Bengaluru, India,,,1,1,0,0
Prez_Selk,False, mystic_boost we all blinder then a bat in a power outage ,Under a rock in Greenland,,,,1,1,0,0
CaseyLucasQuaid,False,i am trapped by a power outage unable to engage in the afternoon i had planned time to stare at the word doc and hope it did something clever while i was away,aotearoa . she/her . 1312,,,,1,1,0,0
Vaughn_AJ,False,damnit xcelenergyco a power outage during the broncos game,aurora, colorado,,,1,1,1,1
OriginalTnasty_,False,second power outage this week and im tired of fucking pepco,lilyonna, liljames ,#k4k #LLF,,1,1,1,1
HowarthWass,False, ellymelly up to my neck in the silent invasion clive hamilton a power outage here cold not feeling too good big issues facing us all hope they start realising how cold its going to get and dont mistake it for warming so much idiocy ,None,,,,1,0,0,0
yunhos_aurora,False, briliantaee army_linnea ah i just saw my power went out but we can get no next week,she/her,,,,1,1,1,1
fauxnik,False, swiftlprd ours is similar but like half that i miss the symmetric down up i had when i lived in redwood city only downside to it was that one time after a power outage when it took a few days before service was restored,California, USA,,,1,1,0,0
8ayonetta,False,so my power went out and my phone is at so i guess im sleeping early hgkgjdhgkhd,maria | 26 | ‚ôÄ | co,,,,0,0,0,0
CndnSheepdog,False, people were without power kids were sent home from school business disrupted due to a supply problem from hydro one what supply problem would be nice to have a real answer https t co elourkppem hamont onpoli,Ontario, Canada,,,0,1,1,0
sunehradaur,False, https t co pnvohx https t co orufgpqx,Islamabad,,,,0,0,1,0
interaksyon,False,the keyword walangpasok gained traction as students lamented the poor signal and power outage amid distance learning https t co mzwyagrl,Philippines,,,,1,1,0,0
walangpasok,False,the keyword walangpasok gained traction as students lamented the poor signal and power outage amid distance learning interaksyon https t co ivfaahdf ,Philippines,,,,1,1,0,0
seanmccabe,False, vodafonenz power outage resulting in a broadband outage,Upper Hutt, New Zealand,,,1,1,1,1
Yiswa,False, citypowerjhb hi there woke up to no power is there a planned outage maintenance in hyde park loadshedding app shows no outage planned for today,Near A Cup Of Coffee„ÉÑ,,,,1,1,0,0
Czarica_Ksenija,False,power outage and small person woke me at or was it either way in desperate need of coffee ,Joburg,,,,1,1,1,1
iamjan3do3,False,i felt the electricity flow thru my body before the power went out,None,,,,1,1,1,1
MANGOMlN,False,so theres currently a power outage where i live and i was going to charge my phone with my laptop and i just realized that my charger doesnt have a usb ,032317‚Ä¢100618‚Ä¢051819‚Ä¢051919,,,,1,1,0,0
freddieaw,False, kenyapower_care good morning experiencing power outage since friday last week we have no power ref whats the position kindly assist,None,,,,1,1,1,1
melodramajr,False,power outage from am to pm girl ,None,,,,0,0,1,0
andysolxiv,False,i was in a dungeon and i heard a fucking explosion in my neighborhood and my power went out ,not spoiler free, 18+,,,1,1,1,1
XcelEnergyCO,False, vaughn_aj we sincerely apologize for any inconvenience caused by the power outage please dm your service address and we will be happy to look into any details of this outage that may be available ,Colorado,,,,0,0,0,0
sulustudies,False,ahh biggest notion disadvantage is the lack of an offline mode my power went out today and i couldnt use my notes for a real hot sec,uss enterprise,,,,1,1,0,0
MixMasterLar,False, kahoxn will do its largely gonna miss us hitting the other side of mobile then curving towards pensacola so power outage is probably the worst ill see bet everyone wishes i didnt upload the weekly videos in real time now huh,The Panhandle of Pensacola,,,,1,0,1,0
vodafoneNZ,False, seanmccabe hi there sean our last update on this was that the power company is investigating outage in the area some nodes are in the process of being restored but this hasnt had full clearance yet once power is restored services should resume again shortly after cl,Auckland, New Zealand,,,1,1,0,0
